Product Id,Product Handle,Product Title,Product Subtitle,Product Description,Product Status,Product Thumbnail,Product Weight,Product Length,Product Width,Product Height,Product Origin Country,Product Material,Product Collection Id,Product Type Id,Product Discountable,Product External Id,Product Created At,Product Deleted At,Product Hs Code,Product Is Giftcard,Product Mid Code,Product Updated At,Variant Id,Variant Title,Variant Sku,Variant Upc,Variant Ean,Variant Hs Code,Variant Mid Code,Variant Manage Inventory,Variant Allow Backorder,Variant Barcode,Variant Created At,Variant Deleted At,Variant Height,Variant Length,Variant Material,Variant Metadata,Variant Option 1 Name,Variant Option 1 Value,Variant Option 2 Name,Variant Option 2 Value,Variant Origin Country,Variant Price USD,Variant Product Id,Variant Updated At,Variant Variant Rank,Variant Weight,Variant Width
prod_01K83NTZTS0TR9R5FRS43WT4N6,raili-long-zipper-dress,Raili Long Zipper Dress,,,published,,,,,,,,,,true,,2025-10-21T15:22:39.342Z,,,false,,2025-10-21T23:04:11.842Z,variant_01K83NV00V0Q8KBR878SASS4AD,Black Tuxedo Merino Raili Long Zipper Dress,,,,,,true,false,,2025-10-21T15:22:39.572Z,,,,,,Color,Black Tuxedo Merino,Size,XS,,1075,prod_01K83NTZTS0TR9R5FRS43WT4N6,2025-10-21T15:22:39.572Z,0,,
prod_01K83NTZTS0TR9R5FRS43WT4N6,raili-long-zipper-dress,Raili Long Zipper Dress,,,published,,,,,,,,,,true,,2025-10-21T15:22:39.342Z,,,false,,2025-10-21T23:04:11.842Z,variant_01K83NV00V8C9VW8JW8SFFD89G,Black Tuxedo Merino Raili Long Zipper Dress,,,,,,true,false,,2025-10-21T15:22:39.572Z,,,,,,Color,Black Tuxedo Merino,Size,S,,1075,prod_01K83NTZTS0TR9R5FRS43WT4N6,2025-10-21T15:22:39.572Z,0,,
prod_01K83NTZTS0TR9R5FRS43WT4N6,raili-long-zipper-dress,Raili Long Zipper Dress,,,published,,,,,,,,,,true,,2025-10-21T15:22:39.342Z,,,false,,2025-10-21T23:04:11.842Z,variant_01K83NV00WYGQEVK1C1B5XV546,Black Tuxedo Merino Raili Long Zipper Dress,,,,,,true,false,,2025-10-21T15:22:39.572Z,,,,,,Color,Black Tuxedo Merino,Size,M,,1075,prod_01K83NTZTS0TR9R5FRS43WT4N6,2025-10-21T15:22:39.572Z,0,,
prod_01K83NTZTS0TR9R5FRS43WT4N6,raili-long-zipper-dress,Raili Long Zipper Dress,,,published,,,,,,,,,,true,,2025-10-21T15:22:39.342Z,,,false,,2025-10-21T23:04:11.842Z,variant_01K83NV00W111ASV8W1X874HVX,Black Tuxedo Merino Raili Long Zipper Dress,,,,,,true,false,,2025-10-21T15:22:39.572Z,,,,,,Color,Black Tuxedo Merino,Size,L,,1075,prod_01K83NTZTS0TR9R5FRS43WT4N6,2025-10-21T15:22:39.572Z,0,,
prod_01K83NTZTS0TR9R5FRS43WT4N6,raili-long-zipper-dress,Raili Long Zipper Dress,,,published,,,,,,,,,,true,,2025-10-21T15:22:39.342Z,,,false,,2025-10-21T23:04:11.842Z,variant_01K83NV00XFA8G5SC95XFDJD3S,Black Tuxedo Merino Raili Long Zipper Dress,,,,,,true,false,,2025-10-21T15:22:39.572Z,,,,,,Color,Black Tuxedo Merino,Size,XL,,1075,prod_01K83NTZTS0TR9R5FRS43WT4N6,2025-10-21T15:22:39.572Z,0,,
prod_01K83NTZTS1EH2TRDS5K9J6R74,kielo-hand-pleated-skirt,Kielo Hand Pleated Skirt,,,published,,,,,,,,,,true,,2025-10-21T15:22:39.342Z,,,false,,2025-10-21T23:04:26.474Z,variant_01K83NV00Z2GATK0JFP677FDDG,Pale Clay Heather Kielo Hand Pleated Skirt,,,,,,true,false,,2025-10-21T15:22:39.572Z,,,,,,Color,Pale Clay Heather,Size,XS,,765,prod_01K83NTZTS1EH2TRDS5K9J6R74,2025-10-21T15:22:39.572Z,0,,
prod_01K83NTZTS1EH2TRDS5K9J6R74,kielo-hand-pleated-skirt,Kielo Hand Pleated Skirt,,,published,,,,,,,,,,true,,2025-10-21T15:22:39.342Z,,,false,,2025-10-21T23:04:26.474Z,variant_01K83NV00Z1D7GAFJCCFBNFKCP,Black Merino Kielo Hand Pleated Skirt,,,,,,true,false,,2025-10-21T15:22:39.572Z,,,,,,Color,Black Merino,Size,XS,,765,prod_01K83NTZTS1EH2TRDS5K9J6R74,2025-10-21T15:22:39.572Z,0,,
prod_01K83NTZTS1EH2TRDS5K9J6R74,kielo-hand-pleated-skirt,Kielo Hand Pleated Skirt,,,published,,,,,,,,,,true,,2025-10-21T15:22:39.342Z,,,false,,2025-10-21T23:04:26.474Z,variant_01K83NV00ZHFARX93KVWZWNK4D,Pale Clay Heather Kielo Hand Pleated Skirt,,,,,,true,false,,2025-10-21T15:22:39.572Z,,,,,,Color,Pale Clay Heather,Size,S,,765,prod_01K83NTZTS1EH2TRDS5K9J6R74,2025-10-21T15:22:39.572Z,0,,
prod_01K83NTZTS1EH2TRDS5K9J6R74,kielo-hand-pleated-skirt,Kielo Hand Pleated Skirt,,,published,,,,,,,,,,true,,2025-10-21T15:22:39.342Z,,,false,,2025-10-21T23:04:26.474Z,variant_01K83NV00ZJWBQ9MQQR9XAX8C2,Black Merino Kielo Hand Pleated Skirt,,,,,,true,false,,2025-10-21T15:22:39.572Z,,,,,,Color,Black Merino,Size,S,,765,prod_01K83NTZTS1EH2TRDS5K9J6R74,2025-10-21T15:22:39.572Z,0,,
prod_01K83NTZTS1EH2TRDS5K9J6R74,kielo-hand-pleated-skirt,Kielo Hand Pleated Skirt,,,published,,,,,,,,,,true,,2025-10-21T15:22:39.342Z,,,false,,2025-10-21T23:04:26.474Z,variant_01K83NV010TDX5T12JVSS1R0ET,Pale Clay Heather Kielo Hand Pleated Skirt,,,,,,true,false,,2025-10-21T15:22:39.572Z,,,,,,Color,Pale Clay Heather,Size,M,,765,prod_01K83NTZTS1EH2TRDS5K9J6R74,2025-10-21T15:22:39.572Z,0,,
prod_01K83NTZTS1EH2TRDS5K9J6R74,kielo-hand-pleated-skirt,Kielo Hand Pleated Skirt,,,published,,,,,,,,,,true,,2025-10-21T15:22:39.342Z,,,false,,2025-10-21T23:04:26.474Z,variant_01K83NV010ZF8K4W32XVPTEKN1,Black Merino Kielo Hand Pleated Skirt,,,,,,true,false,,2025-10-21T15:22:39.572Z,,,,,,Color,Black Merino,Size,M,,765,prod_01K83NTZTS1EH2TRDS5K9J6R74,2025-10-21T15:22:39.572Z,0,,
prod_01K83NTZTS1EH2TRDS5K9J6R74,kielo-hand-pleated-skirt,Kielo Hand Pleated Skirt,,,published,,,,,,,,,,true,,2025-10-21T15:22:39.342Z,,,false,,2025-10-21T23:04:26.474Z,variant_01K83NV010PCBC7ZA37QH8NKYF,Pale Clay Heather Kielo Hand Pleated Skirt,,,,,,true,false,,2025-10-21T15:22:39.572Z,,,,,,Color,Pale Clay Heather,Size,L,,765,prod_01K83NTZTS1EH2TRDS5K9J6R74,2025-10-21T15:22:39.572Z,0,,
prod_01K83NTZTS1EH2TRDS5K9J6R74,kielo-hand-pleated-skirt,Kielo Hand Pleated Skirt,,,published,,,,,,,,,,true,,2025-10-21T15:22:39.342Z,,,false,,2025-10-21T23:04:26.474Z,variant_01K83NV011VZWZH1E0F2GCDAGQ,Black Merino Kielo Hand Pleated Skirt,,,,,,true,false,,2025-10-21T15:22:39.572Z,,,,,,Color,Black Merino,Size,L,,765,prod_01K83NTZTS1EH2TRDS5K9J6R74,2025-10-21T15:22:39.572Z,0,,
prod_01K83NTZTS1EH2TRDS5K9J6R74,kielo-hand-pleated-skirt,Kielo Hand Pleated Skirt,,,published,,,,,,,,,,true,,2025-10-21T15:22:39.342Z,,,false,,2025-10-21T23:04:26.474Z,variant_01K83NV011T36YWKH0B6SXVBPQ,Pale Clay Heather Kielo Hand Pleated Skirt,,,,,,true,false,,2025-10-21T15:22:39.572Z,,,,,,Color,Pale Clay Heather,Size,XL,,765,prod_01K83NTZTS1EH2TRDS5K9J6R74,2025-10-21T15:22:39.572Z,0,,
prod_01K83NTZTS1EH2TRDS5K9J6R74,kielo-hand-pleated-skirt,Kielo Hand Pleated Skirt,,,published,,,,,,,,,,true,,2025-10-21T15:22:39.342Z,,,false,,2025-10-21T23:04:26.474Z,variant_01K83NV011H0K3K1VAYP57JBEV,Black Merino Kielo Hand Pleated Skirt,,,,,,true,false,,2025-10-21T15:22:39.572Z,,,,,,Color,Black Merino,Size,XL,,765,prod_01K83NTZTS1EH2TRDS5K9J6R74,2025-10-21T15:22:39.572Z,0,,
prod_01K83NTZTS8H3YGJD4DZR4EB2G,aava-relaxed-track-pant,Aava Relaxed Track Pant,,,draft,,,,,,,,,,true,,2025-10-21T15:22:39.342Z,,,false,,2025-10-21T15:22:39.342Z,variant_01K83NV014ZFDMQAQB903091T5,Black/Charcoal Merino Aava Relaxed Track Pant,,,,,,true,false,,2025-10-21T15:22:39.573Z,,,,,,Color,Black/Charcoal Merino,Size,XS,,535,prod_01K83NTZTS8H3YGJD4DZR4EB2G,2025-10-21T15:22:39.573Z,0,,
prod_01K83NTZTS8H3YGJD4DZR4EB2G,aava-relaxed-track-pant,Aava Relaxed Track Pant,,,draft,,,,,,,,,,true,,2025-10-21T15:22:39.342Z,,,false,,2025-10-21T15:22:39.342Z,variant_01K83NV0150KTMHCHY2VKQABDV,Dark Heather Grey Aava Relaxed Track Pant,,,,,,true,false,,2025-10-21T15:22:39.573Z,,,,,,Color,Dark Heather Grey,Size,XS,,535,prod_01K83NTZTS8H3YGJD4DZR4EB2G,2025-10-21T15:22:39.573Z,0,,
prod_01K83NTZTS8H3YGJD4DZR4EB2G,aava-relaxed-track-pant,Aava Relaxed Track Pant,,,draft,,,,,,,,,,true,,2025-10-21T15:22:39.342Z,,,false,,2025-10-21T15:22:39.342Z,variant_01K83NV0154QR4EX6E2HB9XYAA,Deep Royal/Navy Blue Aava Relaxed Track Pant,,,,,,true,false,,2025-10-21T15:22:39.573Z,,,,,,Color,Deep Royal/Navy Blue,Size,XS,,535,prod_01K83NTZTS8H3YGJD4DZR4EB2G,2025-10-21T15:22:39.573Z,0,,
prod_01K83NTZTS8H3YGJD4DZR4EB2G,aava-relaxed-track-pant,Aava Relaxed Track Pant,,,draft,,,,,,,,,,true,,2025-10-21T15:22:39.342Z,,,false,,2025-10-21T15:22:39.342Z,variant_01K83NV015RP7X5Y5CV8W3Z4VD,Black/Charcoal Merino Aava Relaxed Track Pant,,,,,,true,false,,2025-10-21T15:22:39.573Z,,,,,,Color,Black/Charcoal Merino,Size,S,,535,prod_01K83NTZTS8H3YGJD4DZR4EB2G,2025-10-21T15:22:39.573Z,0,,
prod_01K83NTZTS8H3YGJD4DZR4EB2G,aava-relaxed-track-pant,Aava Relaxed Track Pant,,,draft,,,,,,,,,,true,,2025-10-21T15:22:39.342Z,,,false,,2025-10-21T15:22:39.342Z,variant_01K83NV016ZX06P2AF6W4M185N,Dark Heather Grey Aava Relaxed Track Pant,,,,,,true,false,,2025-10-21T15:22:39.573Z,,,,,,Color,Dark Heather Grey,Size,S,,535,prod_01K83NTZTS8H3YGJD4DZR4EB2G,2025-10-21T15:22:39.573Z,0,,
prod_01K83NTZTS8H3YGJD4DZR4EB2G,aava-relaxed-track-pant,Aava Relaxed Track Pant,,,draft,,,,,,,,,,true,,2025-10-21T15:22:39.342Z,,,false,,2025-10-21T15:22:39.342Z,variant_01K83NV0164PT0EM45TC5QQ82C,Deep Royal/Navy Blue Aava Relaxed Track Pant,,,,,,true,false,,2025-10-21T15:22:39.573Z,,,,,,Color,Deep Royal/Navy Blue,Size,S,,535,prod_01K83NTZTS8H3YGJD4DZR4EB2G,2025-10-21T15:22:39.573Z,0,,
prod_01K83NTZTS8H3YGJD4DZR4EB2G,aava-relaxed-track-pant,Aava Relaxed Track Pant,,,draft,,,,,,,,,,true,,2025-10-21T15:22:39.342Z,,,false,,2025-10-21T15:22:39.342Z,variant_01K83NV01639SHW6D2HMZ6H3G9,Black/Charcoal Merino Aava Relaxed Track Pant,,,,,,true,false,,2025-10-21T15:22:39.573Z,,,,,,Color,Black/Charcoal Merino,Size,M,,535,prod_01K83NTZTS8H3YGJD4DZR4EB2G,2025-10-21T15:22:39.573Z,0,,
prod_01K83NTZTS8H3YGJD4DZR4EB2G,aava-relaxed-track-pant,Aava Relaxed Track Pant,,,draft,,,,,,,,,,true,,2025-10-21T15:22:39.342Z,,,false,,2025-10-21T15:22:39.342Z,variant_01K83NV017D0WNMEEMSY2E53V1,Dark Heather Grey Aava Relaxed Track Pant,,,,,,true,false,,2025-10-21T15:22:39.573Z,,,,,,Color,Dark Heather Grey,Size,M,,535,prod_01K83NTZTS8H3YGJD4DZR4EB2G,2025-10-21T15:22:39.573Z,0,,
prod_01K83NTZTS8H3YGJD4DZR4EB2G,aava-relaxed-track-pant,Aava Relaxed Track Pant,,,draft,,,,,,,,,,true,,2025-10-21T15:22:39.342Z,,,false,,2025-10-21T15:22:39.342Z,variant_01K83NV017SVMJ5D2SM717TVYY,Deep Royal/Navy Blue Aava Relaxed Track Pant,,,,,,true,false,,2025-10-21T15:22:39.573Z,,,,,,Color,Deep Royal/Navy Blue,Size,M,,535,prod_01K83NTZTS8H3YGJD4DZR4EB2G,2025-10-21T15:22:39.573Z,0,,
prod_01K83NTZTS8H3YGJD4DZR4EB2G,aava-relaxed-track-pant,Aava Relaxed Track Pant,,,draft,,,,,,,,,,true,,2025-10-21T15:22:39.342Z,,,false,,2025-10-21T15:22:39.342Z,variant_01K83NV0176TCNS16TCY1W8VCT,Black/Charcoal Merino Aava Relaxed Track Pant,,,,,,true,false,,2025-10-21T15:22:39.573Z,,,,,,Color,Black/Charcoal Merino,Size,L,,535,prod_01K83NTZTS8H3YGJD4DZR4EB2G,2025-10-21T15:22:39.573Z,0,,
prod_01K83NTZTS8H3YGJD4DZR4EB2G,aava-relaxed-track-pant,Aava Relaxed Track Pant,,,draft,,,,,,,,,,true,,2025-10-21T15:22:39.342Z,,,false,,2025-10-21T15:22:39.342Z,variant_01K83NV0180VWV7PGDVKGCWQRH,Dark Heather Grey Aava Relaxed Track Pant,,,,,,true,false,,2025-10-21T15:22:39.573Z,,,,,,Color,Dark Heather Grey,Size,L,,535,prod_01K83NTZTS8H3YGJD4DZR4EB2G,2025-10-21T15:22:39.573Z,0,,
prod_01K83NTZTS8H3YGJD4DZR4EB2G,aava-relaxed-track-pant,Aava Relaxed Track Pant,,,draft,,,,,,,,,,true,,2025-10-21T15:22:39.342Z,,,false,,2025-10-21T15:22:39.342Z,variant_01K83NV018MH42J9NBA6HX5BDB,Deep Royal/Navy Blue Aava Relaxed Track Pant,,,,,,true,false,,2025-10-21T15:22:39.573Z,,,,,,Color,Deep Royal/Navy Blue,Size,L,,535,prod_01K83NTZTS8H3YGJD4DZR4EB2G,2025-10-21T15:22:39.573Z,0,,
prod_01K83NTZTS8H3YGJD4DZR4EB2G,aava-relaxed-track-pant,Aava Relaxed Track Pant,,,draft,,,,,,,,,,true,,2025-10-21T15:22:39.342Z,,,false,,2025-10-21T15:22:39.342Z,variant_01K83NV0180V7STFMYGJ65E1SC,Black/Charcoal Merino Aava Relaxed Track Pant,,,,,,true,false,,2025-10-21T15:22:39.573Z,,,,,,Color,Black/Charcoal Merino,Size,XL,,535,prod_01K83NTZTS8H3YGJD4DZR4EB2G,2025-10-21T15:22:39.573Z,0,,
prod_01K83NTZTS8H3YGJD4DZR4EB2G,aava-relaxed-track-pant,Aava Relaxed Track Pant,,,draft,,,,,,,,,,true,,2025-10-21T15:22:39.342Z,,,false,,2025-10-21T15:22:39.342Z,variant_01K83NV019Q9ACDKFEAGDVEQVG,Dark Heather Grey Aava Relaxed Track Pant,,,,,,true,false,,2025-10-21T15:22:39.573Z,,,,,,Color,Dark Heather Grey,Size,XL,,535,prod_01K83NTZTS8H3YGJD4DZR4EB2G,2025-10-21T15:22:39.573Z,0,,
prod_01K83NTZTS8H3YGJD4DZR4EB2G,aava-relaxed-track-pant,Aava Relaxed Track Pant,,,draft,,,,,,,,,,true,,2025-10-21T15:22:39.342Z,,,false,,2025-10-21T15:22:39.342Z,variant_01K83NV019VTGKF1MC07RGT1H1,Deep Royal/Navy Blue Aava Relaxed Track Pant,,,,,,true,false,,2025-10-21T15:22:39.573Z,,,,,,Color,Deep Royal/Navy Blue,Size,XL,,535,prod_01K83NTZTS8H3YGJD4DZR4EB2G,2025-10-21T15:22:39.573Z,0,,
prod_01K83NTZTSC2SJGNMNY4QD2Z59,halla-heritage-wool-wrap-coat,Halla Heritage Wool Wrap Coat,,,draft,,,,,,,,,,true,,2025-10-21T15:22:39.342Z,,,false,,2025-10-21T15:22:39.342Z,variant_01K83NV01C5X77Q03SSTC07WPF,Black Halla Heritage Wool Wrap Coat,,,,,,true,false,,2025-10-21T15:22:39.573Z,,,,,,Color,Black,Size,XS,,1350,prod_01K83NTZTSC2SJGNMNY4QD2Z59,2025-10-21T15:22:39.573Z,0,,
prod_01K83NTZTSC2SJGNMNY4QD2Z59,halla-heritage-wool-wrap-coat,Halla Heritage Wool Wrap Coat,,,draft,,,,,,,,,,true,,2025-10-21T15:22:39.342Z,,,false,,2025-10-21T15:22:39.342Z,variant_01K83NV01CNYVPHN3NZ4MV1EE4,Black Halla Heritage Wool Wrap Coat,,,,,,true,false,,2025-10-21T15:22:39.573Z,,,,,,Color,Black,Size,S,,1350,prod_01K83NTZTSC2SJGNMNY4QD2Z59,2025-10-21T15:22:39.573Z,0,,
prod_01K83NTZTSC2SJGNMNY4QD2Z59,halla-heritage-wool-wrap-coat,Halla Heritage Wool Wrap Coat,,,draft,,,,,,,,,,true,,2025-10-21T15:22:39.342Z,,,false,,2025-10-21T15:22:39.342Z,variant_01K83NV01D0T12WQMH6RPSH48W,Black Halla Heritage Wool Wrap Coat,,,,,,true,false,,2025-10-21T15:22:39.573Z,,,,,,Color,Black,Size,M,,1350,prod_01K83NTZTSC2SJGNMNY4QD2Z59,2025-10-21T15:22:39.573Z,0,,
prod_01K83NTZTSC2SJGNMNY4QD2Z59,halla-heritage-wool-wrap-coat,Halla Heritage Wool Wrap Coat,,,draft,,,,,,,,,,true,,2025-10-21T15:22:39.342Z,,,false,,2025-10-21T15:22:39.342Z,variant_01K83NV01D8YQB5SQV595EQDDE,Black Halla Heritage Wool Wrap Coat,,,,,,true,false,,2025-10-21T15:22:39.573Z,,,,,,Color,Black,Size,L,,1350,prod_01K83NTZTSC2SJGNMNY4QD2Z59,2025-10-21T15:22:39.573Z,0,,
prod_01K83NTZTSC2SJGNMNY4QD2Z59,halla-heritage-wool-wrap-coat,Halla Heritage Wool Wrap Coat,,,draft,,,,,,,,,,true,,2025-10-21T15:22:39.342Z,,,false,,2025-10-21T15:22:39.342Z,variant_01K83NV01D77KDKZRG35EJZS8M,Black Halla Heritage Wool Wrap Coat,,,,,,true,false,,2025-10-21T15:22:39.573Z,,,,,,Color,Black,Size,XL,,1350,prod_01K83NTZTSC2SJGNMNY4QD2Z59,2025-10-21T15:22:39.573Z,0,,
prod_01K83NTZTSF2BQMYVASZJA1317,field-pant,Field Pant,,,draft,,,,,,,,,,true,,2025-10-21T15:22:39.342Z,,,false,,2025-10-21T15:22:39.342Z,variant_01K83NV01144QMMRPN4Y5CJETP,Black Field Pant,,,,,,true,false,,2025-10-21T15:22:39.572Z,,,,,,Color,Black,Size,XS,,395,prod_01K83NTZTSF2BQMYVASZJA1317,2025-10-21T15:22:39.572Z,0,,
prod_01K83NTZTSF2BQMYVASZJA1317,field-pant,Field Pant,,,draft,,,,,,,,,,true,,2025-10-21T15:22:39.342Z,,,false,,2025-10-21T15:22:39.342Z,variant_01K83NV012R7NTTMFA0RN79TAB,Chocolate Field Pant,,,,,,true,false,,2025-10-21T15:22:39.572Z,,,,,,Color,Chocolate,Size,XS,,395,prod_01K83NTZTSF2BQMYVASZJA1317,2025-10-21T15:22:39.572Z,0,,
prod_01K83NTZTSF2BQMYVASZJA1317,field-pant,Field Pant,,,draft,,,,,,,,,,true,,2025-10-21T15:22:39.342Z,,,false,,2025-10-21T15:22:39.342Z,variant_01K83NV012N4JK9VSDGTVJGVHW,Black Field Pant,,,,,,true,false,,2025-10-21T15:22:39.572Z,,,,,,Color,Black,Size,S,,395,prod_01K83NTZTSF2BQMYVASZJA1317,2025-10-21T15:22:39.572Z,0,,
prod_01K83NTZTSF2BQMYVASZJA1317,field-pant,Field Pant,,,draft,,,,,,,,,,true,,2025-10-21T15:22:39.342Z,,,false,,2025-10-21T15:22:39.342Z,variant_01K83NV013016CR4SHCNGHNRKK,Chocolate Field Pant,,,,,,true,false,,2025-10-21T15:22:39.572Z,,,,,,Color,Chocolate,Size,S,,395,prod_01K83NTZTSF2BQMYVASZJA1317,2025-10-21T15:22:39.572Z,0,,
prod_01K83NTZTSF2BQMYVASZJA1317,field-pant,Field Pant,,,draft,,,,,,,,,,true,,2025-10-21T15:22:39.342Z,,,false,,2025-10-21T15:22:39.342Z,variant_01K83NV0132AT6D2BCVZCHS9GH,Black Field Pant,,,,,,true,false,,2025-10-21T15:22:39.572Z,,,,,,Color,Black,Size,M,,395,prod_01K83NTZTSF2BQMYVASZJA1317,2025-10-21T15:22:39.572Z,0,,
prod_01K83NTZTSF2BQMYVASZJA1317,field-pant,Field Pant,,,draft,,,,,,,,,,true,,2025-10-21T15:22:39.342Z,,,false,,2025-10-21T15:22:39.342Z,variant_01K83NV013E27R4CWCM0H4426X,Chocolate Field Pant,,,,,,true,false,,2025-10-21T15:22:39.572Z,,,,,,Color,Chocolate,Size,M,,395,prod_01K83NTZTSF2BQMYVASZJA1317,2025-10-21T15:22:39.572Z,0,,
prod_01K83NTZTSF2BQMYVASZJA1317,field-pant,Field Pant,,,draft,,,,,,,,,,true,,2025-10-21T15:22:39.342Z,,,false,,2025-10-21T15:22:39.342Z,variant_01K83NV013M48W6YTVR0XFND92,Black Field Pant,,,,,,true,false,,2025-10-21T15:22:39.572Z,,,,,,Color,Black,Size,L,,395,prod_01K83NTZTSF2BQMYVASZJA1317,2025-10-21T15:22:39.572Z,0,,
prod_01K83NTZTSF2BQMYVASZJA1317,field-pant,Field Pant,,,draft,,,,,,,,,,true,,2025-10-21T15:22:39.342Z,,,false,,2025-10-21T15:22:39.342Z,variant_01K83NV013P79NCPXA6J05VG11,Chocolate Field Pant,,,,,,true,false,,2025-10-21T15:22:39.572Z,,,,,,Color,Chocolate,Size,L,,395,prod_01K83NTZTSF2BQMYVASZJA1317,2025-10-21T15:22:39.572Z,0,,
prod_01K83NTZTSF2BQMYVASZJA1317,field-pant,Field Pant,,,draft,,,,,,,,,,true,,2025-10-21T15:22:39.342Z,,,false,,2025-10-21T15:22:39.342Z,variant_01K83NV014F1GZVT5SRFSRM5MX,Black Field Pant,,,,,,true,false,,2025-10-21T15:22:39.573Z,,,,,,Color,Black,Size,XL,,395,prod_01K83NTZTSF2BQMYVASZJA1317,2025-10-21T15:22:39.573Z,0,,
prod_01K83NTZTSF2BQMYVASZJA1317,field-pant,Field Pant,,,draft,,,,,,,,,,true,,2025-10-21T15:22:39.342Z,,,false,,2025-10-21T15:22:39.342Z,variant_01K83NV014MW6EQVK23AQ5PZ6A,Chocolate Field Pant,,,,,,true,false,,2025-10-21T15:22:39.573Z,,,,,,Color,Chocolate,Size,XL,,395,prod_01K83NTZTSF2BQMYVASZJA1317,2025-10-21T15:22:39.573Z,0,,
prod_01K83NTZTSM7VDS25NZY9GJ84W,leija-hand-pleated-skirt,Leija Hand Pleated Skirt,,,draft,,,,,,,,,,true,,2025-10-21T15:22:39.342Z,,,false,,2025-10-21T15:22:39.342Z,variant_01K83NV00XE938DMWTKS4A67KQ,Rhubarb Plaid Wool-Silk-Cotton Blend Leija Hand Pleated Skirt,,,,,,true,false,,2025-10-21T15:22:39.572Z,,,,,,Color,Rhubarb Plaid Wool-Silk-Cotton Blend,Size,XS,,855,prod_01K83NTZTSM7VDS25NZY9GJ84W,2025-10-21T15:22:39.572Z,0,,
prod_01K83NTZTSM7VDS25NZY9GJ84W,leija-hand-pleated-skirt,Leija Hand Pleated Skirt,,,draft,,,,,,,,,,true,,2025-10-21T15:22:39.342Z,,,false,,2025-10-21T15:22:39.342Z,variant_01K83NV00XNCJ7F7RN1GFTVZF6,Rhubarb Plaid Wool-Silk-Cotton Blend Leija Hand Pleated Skirt,,,,,,true,false,,2025-10-21T15:22:39.572Z,,,,,,Color,Rhubarb Plaid Wool-Silk-Cotton Blend,Size,S,,855,prod_01K83NTZTSM7VDS25NZY9GJ84W,2025-10-21T15:22:39.572Z,0,,
prod_01K83NTZTSM7VDS25NZY9GJ84W,leija-hand-pleated-skirt,Leija Hand Pleated Skirt,,,draft,,,,,,,,,,true,,2025-10-21T15:22:39.342Z,,,false,,2025-10-21T15:22:39.342Z,variant_01K83NV00XT5FMFG5VRT83Y5QC,Rhubarb Plaid Wool-Silk-Cotton Blend Leija Hand Pleated Skirt,,,,,,true,false,,2025-10-21T15:22:39.572Z,,,,,,Color,Rhubarb Plaid Wool-Silk-Cotton Blend,Size,M,,855,prod_01K83NTZTSM7VDS25NZY9GJ84W,2025-10-21T15:22:39.572Z,0,,
prod_01K83NTZTSM7VDS25NZY9GJ84W,leija-hand-pleated-skirt,Leija Hand Pleated Skirt,,,draft,,,,,,,,,,true,,2025-10-21T15:22:39.342Z,,,false,,2025-10-21T15:22:39.342Z,variant_01K83NV00YDFKPVPHW73R82WGJ,Rhubarb Plaid Wool-Silk-Cotton Blend Leija Hand Pleated Skirt,,,,,,true,false,,2025-10-21T15:22:39.572Z,,,,,,Color,Rhubarb Plaid Wool-Silk-Cotton Blend,Size,L,,855,prod_01K83NTZTSM7VDS25NZY9GJ84W,2025-10-21T15:22:39.572Z,0,,
prod_01K83NTZTSM7VDS25NZY9GJ84W,leija-hand-pleated-skirt,Leija Hand Pleated Skirt,,,draft,,,,,,,,,,true,,2025-10-21T15:22:39.342Z,,,false,,2025-10-21T15:22:39.342Z,variant_01K83NV00Y85P1TYMDYDVGXGC2,Rhubarb Plaid Wool-Silk-Cotton Blend Leija Hand Pleated Skirt,,,,,,true,false,,2025-10-21T15:22:39.572Z,,,,,,Color,Rhubarb Plaid Wool-Silk-Cotton Blend,Size,XL,,855,prod_01K83NTZTSM7VDS25NZY9GJ84W,2025-10-21T15:22:39.572Z,0,,
prod_01K83NTZTSQ06N28MB5VFCJ9XV,louhi-shetland-coat-dress,Louhi Shetland Coat Dress,,,draft,,,,,,,,,,true,,2025-10-21T15:22:39.341Z,,,false,,2025-10-21T15:22:39.341Z,variant_01K83NV009SFYP6AXR76QKRZGK,Golden Sunset Melange Louhi Shetland Coat Dress,,,,,,true,false,,2025-10-21T15:22:39.570Z,,,,,,Color,Golden Sunset Melange,Size,XS,,1150,prod_01K83NTZTSQ06N28MB5VFCJ9XV,2025-10-21T15:22:39.570Z,0,,
prod_01K83NTZTSQ06N28MB5VFCJ9XV,louhi-shetland-coat-dress,Louhi Shetland Coat Dress,,,draft,,,,,,,,,,true,,2025-10-21T15:22:39.341Z,,,false,,2025-10-21T15:22:39.341Z,variant_01K83NV0097S4ENT64MCJEWREA,Golden Sunset Melange Louhi Shetland Coat Dress,,,,,,true,false,,2025-10-21T15:22:39.570Z,,,,,,Color,Golden Sunset Melange,Size,S,,1150,prod_01K83NTZTSQ06N28MB5VFCJ9XV,2025-10-21T15:22:39.570Z,0,,
prod_01K83NTZTSQ06N28MB5VFCJ9XV,louhi-shetland-coat-dress,Louhi Shetland Coat Dress,,,draft,,,,,,,,,,true,,2025-10-21T15:22:39.341Z,,,false,,2025-10-21T15:22:39.341Z,variant_01K83NV00A9R8ETRD190VQM7RR,Golden Sunset Melange Louhi Shetland Coat Dress,,,,,,true,false,,2025-10-21T15:22:39.570Z,,,,,,Color,Golden Sunset Melange,Size,M,,1150,prod_01K83NTZTSQ06N28MB5VFCJ9XV,2025-10-21T15:22:39.570Z,0,,
prod_01K83NTZTSQ06N28MB5VFCJ9XV,louhi-shetland-coat-dress,Louhi Shetland Coat Dress,,,draft,,,,,,,,,,true,,2025-10-21T15:22:39.341Z,,,false,,2025-10-21T15:22:39.341Z,variant_01K83NV00B4X586PT1W3HA6NWQ,Golden Sunset Melange Louhi Shetland Coat Dress,,,,,,true,false,,2025-10-21T15:22:39.570Z,,,,,,Color,Golden Sunset Melange,Size,L,,1150,prod_01K83NTZTSQ06N28MB5VFCJ9XV,2025-10-21T15:22:39.570Z,0,,
prod_01K83NTZTSQ06N28MB5VFCJ9XV,louhi-shetland-coat-dress,Louhi Shetland Coat Dress,,,draft,,,,,,,,,,true,,2025-10-21T15:22:39.341Z,,,false,,2025-10-21T15:22:39.341Z,variant_01K83NV00CG01JX12HANZXZQEN,Golden Sunset Melange Louhi Shetland Coat Dress,,,,,,true,false,,2025-10-21T15:22:39.570Z,,,,,,Color,Golden Sunset Melange,Size,XL,,1150,prod_01K83NTZTSQ06N28MB5VFCJ9XV,2025-10-21T15:22:39.570Z,0,,
prod_01K83NTZTST62XEGZB63CY7BRC,surplus-jacket,Surplus Jacket,,,draft,,,,,,,,,,true,,2025-10-21T15:22:39.342Z,,,false,,2025-10-21T15:22:39.342Z,variant_01K83NV01BT19JBYWXSR1HV8ZX,Black Surplus Jacket,,,,,,true,false,,2025-10-21T15:22:39.573Z,,,,,,Color,Black,Size,XS,,945,prod_01K83NTZTST62XEGZB63CY7BRC,2025-10-21T15:22:39.573Z,0,,
prod_01K83NTZTST62XEGZB63CY7BRC,surplus-jacket,Surplus Jacket,,,draft,,,,,,,,,,true,,2025-10-21T15:22:39.342Z,,,false,,2025-10-21T15:22:39.342Z,variant_01K83NV01BFS5D9AX6DQATTZCX,Black Surplus Jacket,,,,,,true,false,,2025-10-21T15:22:39.573Z,,,,,,Color,Black,Size,S,,945,prod_01K83NTZTST62XEGZB63CY7BRC,2025-10-21T15:22:39.573Z,0,,
prod_01K83NTZTST62XEGZB63CY7BRC,surplus-jacket,Surplus Jacket,,,draft,,,,,,,,,,true,,2025-10-21T15:22:39.342Z,,,false,,2025-10-21T15:22:39.342Z,variant_01K83NV01BSBGA9K10JE2APVZG,Black Surplus Jacket,,,,,,true,false,,2025-10-21T15:22:39.573Z,,,,,,Color,Black,Size,M,,945,prod_01K83NTZTST62XEGZB63CY7BRC,2025-10-21T15:22:39.573Z,0,,
prod_01K83NTZTST62XEGZB63CY7BRC,surplus-jacket,Surplus Jacket,,,draft,,,,,,,,,,true,,2025-10-21T15:22:39.342Z,,,false,,2025-10-21T15:22:39.342Z,variant_01K83NV01CQMHJTZRBRHNCWC5Y,Black Surplus Jacket,,,,,,true,false,,2025-10-21T15:22:39.573Z,,,,,,Color,Black,Size,L,,945,prod_01K83NTZTST62XEGZB63CY7BRC,2025-10-21T15:22:39.573Z,0,,
prod_01K83NTZTST62XEGZB63CY7BRC,surplus-jacket,Surplus Jacket,,,draft,,,,,,,,,,true,,2025-10-21T15:22:39.342Z,,,false,,2025-10-21T15:22:39.342Z,variant_01K83NV01CHP0JDRC82DYW9H1B,Black Surplus Jacket,,,,,,true,false,,2025-10-21T15:22:39.573Z,,,,,,Color,Black,Size,XL,,945,prod_01K83NTZTST62XEGZB63CY7BRC,2025-10-21T15:22:39.573Z,0,,
prod_01K83NTZTSW9PCFX5NM331WR0A,long-sleeveless-dress,Long Sleeveless Dress,,,draft,,,,,,,,,,true,,2025-10-21T15:22:39.342Z,,,false,,2025-10-21T15:22:39.342Z,variant_01K83NV00PK1WHJRHJVDB9HXXS,Soft Brown Plaid Long Sleeveless Dress,,,,,,true,false,,2025-10-21T15:22:39.571Z,,,,,,Color,Soft Brown Plaid,Size,XS,,415,prod_01K83NTZTSW9PCFX5NM331WR0A,2025-10-21T15:22:39.571Z,0,,
prod_01K83NTZTSW9PCFX5NM331WR0A,long-sleeveless-dress,Long Sleeveless Dress,,,draft,,,,,,,,,,true,,2025-10-21T15:22:39.342Z,,,false,,2025-10-21T15:22:39.342Z,variant_01K83NV00P95KQ4NS39M68HK6Q,Mid Heather Grey Long Sleeveless Dress,,,,,,true,false,,2025-10-21T15:22:39.571Z,,,,,,Color,Mid Heather Grey,Size,XS,,415,prod_01K83NTZTSW9PCFX5NM331WR0A,2025-10-21T15:22:39.571Z,0,,
prod_01K83NTZTSW9PCFX5NM331WR0A,long-sleeveless-dress,Long Sleeveless Dress,,,draft,,,,,,,,,,true,,2025-10-21T15:22:39.342Z,,,false,,2025-10-21T15:22:39.342Z,variant_01K83NV00PJV7WX0RBV1K3C702,Dark Heather Grey Long Sleeveless Dress,,,,,,true,false,,2025-10-21T15:22:39.571Z,,,,,,Color,Dark Heather Grey,Size,XS,,415,prod_01K83NTZTSW9PCFX5NM331WR0A,2025-10-21T15:22:39.571Z,0,,
prod_01K83NTZTSW9PCFX5NM331WR0A,long-sleeveless-dress,Long Sleeveless Dress,,,draft,,,,,,,,,,true,,2025-10-21T15:22:39.342Z,,,false,,2025-10-21T15:22:39.342Z,variant_01K83NV00QKD1XWWZMGT6QDVT2,Soft Brown Plaid Long Sleeveless Dress,,,,,,true,false,,2025-10-21T15:22:39.571Z,,,,,,Color,Soft Brown Plaid,Size,S,,415,prod_01K83NTZTSW9PCFX5NM331WR0A,2025-10-21T15:22:39.571Z,0,,
prod_01K83NTZTSW9PCFX5NM331WR0A,long-sleeveless-dress,Long Sleeveless Dress,,,draft,,,,,,,,,,true,,2025-10-21T15:22:39.342Z,,,false,,2025-10-21T15:22:39.342Z,variant_01K83NV00QAR78F116WQ29M6VD,Mid Heather Grey Long Sleeveless Dress,,,,,,true,false,,2025-10-21T15:22:39.571Z,,,,,,Color,Mid Heather Grey,Size,S,,415,prod_01K83NTZTSW9PCFX5NM331WR0A,2025-10-21T15:22:39.571Z,0,,
prod_01K83NTZTSW9PCFX5NM331WR0A,long-sleeveless-dress,Long Sleeveless Dress,,,draft,,,,,,,,,,true,,2025-10-21T15:22:39.342Z,,,false,,2025-10-21T15:22:39.342Z,variant_01K83NV00QCG659GNQRSPERTVM,Dark Heather Grey Long Sleeveless Dress,,,,,,true,false,,2025-10-21T15:22:39.571Z,,,,,,Color,Dark Heather Grey,Size,S,,415,prod_01K83NTZTSW9PCFX5NM331WR0A,2025-10-21T15:22:39.571Z,0,,
prod_01K83NTZTSW9PCFX5NM331WR0A,long-sleeveless-dress,Long Sleeveless Dress,,,draft,,,,,,,,,,true,,2025-10-21T15:22:39.342Z,,,false,,2025-10-21T15:22:39.342Z,variant_01K83NV00RKEM9Q58YEE97256Y,Soft Brown Plaid Long Sleeveless Dress,,,,,,true,false,,2025-10-21T15:22:39.571Z,,,,,,Color,Soft Brown Plaid,Size,M,,415,prod_01K83NTZTSW9PCFX5NM331WR0A,2025-10-21T15:22:39.571Z,0,,
prod_01K83NTZTSW9PCFX5NM331WR0A,long-sleeveless-dress,Long Sleeveless Dress,,,draft,,,,,,,,,,true,,2025-10-21T15:22:39.342Z,,,false,,2025-10-21T15:22:39.342Z,variant_01K83NV00RWVWF90WTGC2PMK3Q,Mid Heather Grey Long Sleeveless Dress,,,,,,true,false,,2025-10-21T15:22:39.571Z,,,,,,Color,Mid Heather Grey,Size,M,,415,prod_01K83NTZTSW9PCFX5NM331WR0A,2025-10-21T15:22:39.571Z,0,,
prod_01K83NTZTSW9PCFX5NM331WR0A,long-sleeveless-dress,Long Sleeveless Dress,,,draft,,,,,,,,,,true,,2025-10-21T15:22:39.342Z,,,false,,2025-10-21T15:22:39.342Z,variant_01K83NV00RS2SKKZQCQAMFE0MC,Dark Heather Grey Long Sleeveless Dress,,,,,,true,false,,2025-10-21T15:22:39.572Z,,,,,,Color,Dark Heather Grey,Size,M,,415,prod_01K83NTZTSW9PCFX5NM331WR0A,2025-10-21T15:22:39.572Z,0,,
prod_01K83NTZTSW9PCFX5NM331WR0A,long-sleeveless-dress,Long Sleeveless Dress,,,draft,,,,,,,,,,true,,2025-10-21T15:22:39.342Z,,,false,,2025-10-21T15:22:39.342Z,variant_01K83NV00SS6PZG56GDQS3K43R,Soft Brown Plaid Long Sleeveless Dress,,,,,,true,false,,2025-10-21T15:22:39.572Z,,,,,,Color,Soft Brown Plaid,Size,L,,415,prod_01K83NTZTSW9PCFX5NM331WR0A,2025-10-21T15:22:39.572Z,0,,
prod_01K83NTZTSW9PCFX5NM331WR0A,long-sleeveless-dress,Long Sleeveless Dress,,,draft,,,,,,,,,,true,,2025-10-21T15:22:39.342Z,,,false,,2025-10-21T15:22:39.342Z,variant_01K83NV00S3GQ7Z0E5HB6Z3H03,Mid Heather Grey Long Sleeveless Dress,,,,,,true,false,,2025-10-21T15:22:39.572Z,,,,,,Color,Mid Heather Grey,Size,L,,415,prod_01K83NTZTSW9PCFX5NM331WR0A,2025-10-21T15:22:39.572Z,0,,
prod_01K83NTZTSW9PCFX5NM331WR0A,long-sleeveless-dress,Long Sleeveless Dress,,,draft,,,,,,,,,,true,,2025-10-21T15:22:39.342Z,,,false,,2025-10-21T15:22:39.342Z,variant_01K83NV00SGQG8XMT544C8MFCY,Dark Heather Grey Long Sleeveless Dress,,,,,,true,false,,2025-10-21T15:22:39.572Z,,,,,,Color,Dark Heather Grey,Size,L,,415,prod_01K83NTZTSW9PCFX5NM331WR0A,2025-10-21T15:22:39.572Z,0,,
prod_01K83NTZTSW9PCFX5NM331WR0A,long-sleeveless-dress,Long Sleeveless Dress,,,draft,,,,,,,,,,true,,2025-10-21T15:22:39.342Z,,,false,,2025-10-21T15:22:39.342Z,variant_01K83NV00TD5R2WT1A13EZB2ZR,Soft Brown Plaid Long Sleeveless Dress,,,,,,true,false,,2025-10-21T15:22:39.572Z,,,,,,Color,Soft Brown Plaid,Size,XL,,415,prod_01K83NTZTSW9PCFX5NM331WR0A,2025-10-21T15:22:39.572Z,0,,
prod_01K83NTZTSW9PCFX5NM331WR0A,long-sleeveless-dress,Long Sleeveless Dress,,,draft,,,,,,,,,,true,,2025-10-21T15:22:39.342Z,,,false,,2025-10-21T15:22:39.342Z,variant_01K83NV00T2EN4YMHWR8YC1D2V,Mid Heather Grey Long Sleeveless Dress,,,,,,true,false,,2025-10-21T15:22:39.572Z,,,,,,Color,Mid Heather Grey,Size,XL,,415,prod_01K83NTZTSW9PCFX5NM331WR0A,2025-10-21T15:22:39.572Z,0,,
prod_01K83NTZTSW9PCFX5NM331WR0A,long-sleeveless-dress,Long Sleeveless Dress,,,draft,,,,,,,,,,true,,2025-10-21T15:22:39.342Z,,,false,,2025-10-21T15:22:39.342Z,variant_01K83NV00V2BEAKSEMHQYJ0KFS,Dark Heather Grey Long Sleeveless Dress,,,,,,true,false,,2025-10-21T15:22:39.572Z,,,,,,Color,Dark Heather Grey,Size,XL,,415,prod_01K83NTZTSW9PCFX5NM331WR0A,2025-10-21T15:22:39.572Z,0,,
prod_01K83NTZTSX9ZEM18NVSJWTBX5,field-jacket,Field Jacket,,,draft,,,,,,,,,,true,,2025-10-21T15:22:39.342Z,,,false,,2025-10-21T15:22:39.342Z,variant_01K83NV01929ADY4WVRDVX4WRA,Deep Navy Field Jacket,,,,,,true,false,,2025-10-21T15:22:39.573Z,,,,,,Color,Deep Navy,Size,XS,,675,prod_01K83NTZTSX9ZEM18NVSJWTBX5,2025-10-21T15:22:39.573Z,0,,
prod_01K83NTZTSX9ZEM18NVSJWTBX5,field-jacket,Field Jacket,,,draft,,,,,,,,,,true,,2025-10-21T15:22:39.342Z,,,false,,2025-10-21T15:22:39.342Z,variant_01K83NV0196YVGZTMFJXDZN9ZP,Deep Navy Field Jacket,,,,,,true,false,,2025-10-21T15:22:39.573Z,,,,,,Color,Deep Navy,Size,S,,675,prod_01K83NTZTSX9ZEM18NVSJWTBX5,2025-10-21T15:22:39.573Z,0,,
prod_01K83NTZTSX9ZEM18NVSJWTBX5,field-jacket,Field Jacket,,,draft,,,,,,,,,,true,,2025-10-21T15:22:39.342Z,,,false,,2025-10-21T15:22:39.342Z,variant_01K83NV01AAQHBNT3QBHY1H88Y,Deep Navy Field Jacket,,,,,,true,false,,2025-10-21T15:22:39.573Z,,,,,,Color,Deep Navy,Size,M,,675,prod_01K83NTZTSX9ZEM18NVSJWTBX5,2025-10-21T15:22:39.573Z,0,,
prod_01K83NTZTSX9ZEM18NVSJWTBX5,field-jacket,Field Jacket,,,draft,,,,,,,,,,true,,2025-10-21T15:22:39.342Z,,,false,,2025-10-21T15:22:39.342Z,variant_01K83NV01ASEPARYVD7B8THJ3R,Deep Navy Field Jacket,,,,,,true,false,,2025-10-21T15:22:39.573Z,,,,,,Color,Deep Navy,Size,L,,675,prod_01K83NTZTSX9ZEM18NVSJWTBX5,2025-10-21T15:22:39.573Z,0,,
prod_01K83NTZTSX9ZEM18NVSJWTBX5,field-jacket,Field Jacket,,,draft,,,,,,,,,,true,,2025-10-21T15:22:39.342Z,,,false,,2025-10-21T15:22:39.342Z,variant_01K83NV01ASF9E05WQ7V6E04K3,Deep Navy Field Jacket,,,,,,true,false,,2025-10-21T15:22:39.573Z,,,,,,Color,Deep Navy,Size,XL,,675,prod_01K83NTZTSX9ZEM18NVSJWTBX5,2025-10-21T15:22:39.573Z,0,,
prod_01K83NTZTSZBHJDWTW5DJDY534,helmi-merino-shirt-dress,Helmi Merino Shirt Dress,,,draft,,,,,,,,,,true,,2025-10-21T15:22:39.341Z,,,false,,2025-10-21T15:22:39.341Z,variant_01K83NV00D9N1T974B97BK2Y2H,Taupe Heather Helmi Merino Shirt Dress,,,,,,true,false,,2025-10-21T15:22:39.570Z,,,,,,Color,Taupe Heather,Size,XS,,875,prod_01K83NTZTSZBHJDWTW5DJDY534,2025-10-21T15:22:39.570Z,0,,
prod_01K83NTZTSZBHJDWTW5DJDY534,helmi-merino-shirt-dress,Helmi Merino Shirt Dress,,,draft,,,,,,,,,,true,,2025-10-21T15:22:39.341Z,,,false,,2025-10-21T15:22:39.341Z,variant_01K83NV00D5G00XFF4P1WSM3N2,Brushed Camel Heather Helmi Merino Shirt Dress,,,,,,true,false,,2025-10-21T15:22:39.570Z,,,,,,Color,Brushed Camel Heather,Size,XS,,875,prod_01K83NTZTSZBHJDWTW5DJDY534,2025-10-21T15:22:39.570Z,0,,
prod_01K83NTZTSZBHJDWTW5DJDY534,helmi-merino-shirt-dress,Helmi Merino Shirt Dress,,,draft,,,,,,,,,,true,,2025-10-21T15:22:39.341Z,,,false,,2025-10-21T15:22:39.341Z,variant_01K83NV00E6JY34JSXCE7EXPM6,Light Grey Helmi Merino Shirt Dress,,,,,,true,false,,2025-10-21T15:22:39.570Z,,,,,,Color,Light Grey,Size,XS,,875,prod_01K83NTZTSZBHJDWTW5DJDY534,2025-10-21T15:22:39.570Z,0,,
prod_01K83NTZTSZBHJDWTW5DJDY534,helmi-merino-shirt-dress,Helmi Merino Shirt Dress,,,draft,,,,,,,,,,true,,2025-10-21T15:22:39.341Z,,,false,,2025-10-21T15:22:39.341Z,variant_01K83NV00FA7ZQ51M33TP5M7FQ,Taupe Heather Helmi Merino Shirt Dress,,,,,,true,false,,2025-10-21T15:22:39.570Z,,,,,,Color,Taupe Heather,Size,S,,875,prod_01K83NTZTSZBHJDWTW5DJDY534,2025-10-21T15:22:39.570Z,0,,
prod_01K83NTZTSZBHJDWTW5DJDY534,helmi-merino-shirt-dress,Helmi Merino Shirt Dress,,,draft,,,,,,,,,,true,,2025-10-21T15:22:39.341Z,,,false,,2025-10-21T15:22:39.341Z,variant_01K83NV00FVQZH8WR2K3AGD4M3,Brushed Camel Heather Helmi Merino Shirt Dress,,,,,,true,false,,2025-10-21T15:22:39.570Z,,,,,,Color,Brushed Camel Heather,Size,S,,875,prod_01K83NTZTSZBHJDWTW5DJDY534,2025-10-21T15:22:39.570Z,0,,
prod_01K83NTZTSZBHJDWTW5DJDY534,helmi-merino-shirt-dress,Helmi Merino Shirt Dress,,,draft,,,,,,,,,,true,,2025-10-21T15:22:39.341Z,,,false,,2025-10-21T15:22:39.341Z,variant_01K83NV00G6NMJXP1MTY54FTYR,Light Grey Helmi Merino Shirt Dress,,,,,,true,false,,2025-10-21T15:22:39.571Z,,,,,,Color,Light Grey,Size,S,,875,prod_01K83NTZTSZBHJDWTW5DJDY534,2025-10-21T15:22:39.571Z,0,,
prod_01K83NTZTSZBHJDWTW5DJDY534,helmi-merino-shirt-dress,Helmi Merino Shirt Dress,,,draft,,,,,,,,,,true,,2025-10-21T15:22:39.341Z,,,false,,2025-10-21T15:22:39.341Z,variant_01K83NV00HJHDA8AKK1P1W69G7,Taupe Heather Helmi Merino Shirt Dress,,,,,,true,false,,2025-10-21T15:22:39.571Z,,,,,,Color,Taupe Heather,Size,M,,875,prod_01K83NTZTSZBHJDWTW5DJDY534,2025-10-21T15:22:39.571Z,0,,
prod_01K83NTZTSZBHJDWTW5DJDY534,helmi-merino-shirt-dress,Helmi Merino Shirt Dress,,,draft,,,,,,,,,,true,,2025-10-21T15:22:39.341Z,,,false,,2025-10-21T15:22:39.341Z,variant_01K83NV00HJZ5888D7GEYQ6SFW,Brushed Camel Heather Helmi Merino Shirt Dress,,,,,,true,false,,2025-10-21T15:22:39.571Z,,,,,,Color,Brushed Camel Heather,Size,M,,875,prod_01K83NTZTSZBHJDWTW5DJDY534,2025-10-21T15:22:39.571Z,0,,
prod_01K83NTZTSZBHJDWTW5DJDY534,helmi-merino-shirt-dress,Helmi Merino Shirt Dress,,,draft,,,,,,,,,,true,,2025-10-21T15:22:39.341Z,,,false,,2025-10-21T15:22:39.341Z,variant_01K83NV00JH3Z8MTPE4G4EKEE8,Light Grey Helmi Merino Shirt Dress,,,,,,true,false,,2025-10-21T15:22:39.571Z,,,,,,Color,Light Grey,Size,M,,875,prod_01K83NTZTSZBHJDWTW5DJDY534,2025-10-21T15:22:39.571Z,0,,
prod_01K83NTZTSZBHJDWTW5DJDY534,helmi-merino-shirt-dress,Helmi Merino Shirt Dress,,,draft,,,,,,,,,,true,,2025-10-21T15:22:39.341Z,,,false,,2025-10-21T15:22:39.341Z,variant_01K83NV00J89EAZTSQ3FS3X7J1,Taupe Heather Helmi Merino Shirt Dress,,,,,,true,false,,2025-10-21T15:22:39.571Z,,,,,,Color,Taupe Heather,Size,L,,875,prod_01K83NTZTSZBHJDWTW5DJDY534,2025-10-21T15:22:39.571Z,0,,
prod_01K83NTZTSZBHJDWTW5DJDY534,helmi-merino-shirt-dress,Helmi Merino Shirt Dress,,,draft,,,,,,,,,,true,,2025-10-21T15:22:39.341Z,,,false,,2025-10-21T15:22:39.341Z,variant_01K83NV00KR43JSMDRVF8AQ3M9,Brushed Camel Heather Helmi Merino Shirt Dress,,,,,,true,false,,2025-10-21T15:22:39.571Z,,,,,,Color,Brushed Camel Heather,Size,L,,875,prod_01K83NTZTSZBHJDWTW5DJDY534,2025-10-21T15:22:39.571Z,0,,
prod_01K83NTZTSZBHJDWTW5DJDY534,helmi-merino-shirt-dress,Helmi Merino Shirt Dress,,,draft,,,,,,,,,,true,,2025-10-21T15:22:39.341Z,,,false,,2025-10-21T15:22:39.341Z,variant_01K83NV00KPTAR73PM4PV32PWF,Light Grey Helmi Merino Shirt Dress,,,,,,true,false,,2025-10-21T15:22:39.571Z,,,,,,Color,Light Grey,Size,L,,875,prod_01K83NTZTSZBHJDWTW5DJDY534,2025-10-21T15:22:39.571Z,0,,
prod_01K83NTZTSZBHJDWTW5DJDY534,helmi-merino-shirt-dress,Helmi Merino Shirt Dress,,,draft,,,,,,,,,,true,,2025-10-21T15:22:39.341Z,,,false,,2025-10-21T15:22:39.341Z,variant_01K83NV00KVP199AGKPFV7JF47,Taupe Heather Helmi Merino Shirt Dress,,,,,,true,false,,2025-10-21T15:22:39.571Z,,,,,,Color,Taupe Heather,Size,XL,,875,prod_01K83NTZTSZBHJDWTW5DJDY534,2025-10-21T15:22:39.571Z,0,,
prod_01K83NTZTSZBHJDWTW5DJDY534,helmi-merino-shirt-dress,Helmi Merino Shirt Dress,,,draft,,,,,,,,,,true,,2025-10-21T15:22:39.341Z,,,false,,2025-10-21T15:22:39.341Z,variant_01K83NV00MD6VRT6KVNDT7W40F,Brushed Camel Heather Helmi Merino Shirt Dress,,,,,,true,false,,2025-10-21T15:22:39.571Z,,,,,,Color,Brushed Camel Heather,Size,XL,,875,prod_01K83NTZTSZBHJDWTW5DJDY534,2025-10-21T15:22:39.571Z,0,,
prod_01K83NTZTSZBHJDWTW5DJDY534,helmi-merino-shirt-dress,Helmi Merino Shirt Dress,,,draft,,,,,,,,,,true,,2025-10-21T15:22:39.341Z,,,false,,2025-10-21T15:22:39.341Z,variant_01K83NV00N7T6D453AB59MWSGT,Light Grey Helmi Merino Shirt Dress,,,,,,true,false,,2025-10-21T15:22:39.571Z,,,,,,Color,Light Grey,Size,XL,,875,prod_01K83NTZTSZBHJDWTW5DJDY534,2025-10-21T15:22:39.571Z,0,,
prod_01K83NTZTT6PR2BE4CHF9RW389,longline-scoop-neck,Longline Scoop Neck,,,draft,,,,,,,,,,true,,2025-10-21T15:22:39.342Z,,,false,,2025-10-21T15:22:39.342Z,variant_01K83NV01J35PMJ1BC8W68NPC6,Black Longline Scoop Neck,,,,,,true,false,,2025-10-21T15:22:39.574Z,,,,,,Color,Black,Size,XS,,175,prod_01K83NTZTT6PR2BE4CHF9RW389,2025-10-21T15:22:39.574Z,0,,
prod_01K83NTZTT6PR2BE4CHF9RW389,longline-scoop-neck,Longline Scoop Neck,,,draft,,,,,,,,,,true,,2025-10-21T15:22:39.342Z,,,false,,2025-10-21T15:22:39.342Z,variant_01K83NV01KNMJM8KQW8TQ1MZB6,Bone Longline Scoop Neck,,,,,,true,false,,2025-10-21T15:22:39.574Z,,,,,,Color,Bone,Size,XS,,175,prod_01K83NTZTT6PR2BE4CHF9RW389,2025-10-21T15:22:39.574Z,0,,
prod_01K83NTZTT6PR2BE4CHF9RW389,longline-scoop-neck,Longline Scoop Neck,,,draft,,,,,,,,,,true,,2025-10-21T15:22:39.342Z,,,false,,2025-10-21T15:22:39.342Z,variant_01K83NV01KAJEMD8NMPS60JJYD,Pale Clay Longline Scoop Neck,,,,,,true,false,,2025-10-21T15:22:39.574Z,,,,,,Color,Pale Clay,Size,XS,,175,prod_01K83NTZTT6PR2BE4CHF9RW389,2025-10-21T15:22:39.574Z,0,,
prod_01K83NTZTT6PR2BE4CHF9RW389,longline-scoop-neck,Longline Scoop Neck,,,draft,,,,,,,,,,true,,2025-10-21T15:22:39.342Z,,,false,,2025-10-21T15:22:39.342Z,variant_01K83NV01K3BX3P5KFQN50V0KJ,Cedar Longline Scoop Neck,,,,,,true,false,,2025-10-21T15:22:39.574Z,,,,,,Color,Cedar,Size,XS,,175,prod_01K83NTZTT6PR2BE4CHF9RW389,2025-10-21T15:22:39.574Z,0,,
prod_01K83NTZTT6PR2BE4CHF9RW389,longline-scoop-neck,Longline Scoop Neck,,,draft,,,,,,,,,,true,,2025-10-21T15:22:39.342Z,,,false,,2025-10-21T15:22:39.342Z,variant_01K83NV01MQFT17XMGDQPV629C,Black Longline Scoop Neck,,,,,,true,false,,2025-10-21T15:22:39.574Z,,,,,,Color,Black,Size,S,,175,prod_01K83NTZTT6PR2BE4CHF9RW389,2025-10-21T15:22:39.574Z,0,,
prod_01K83NTZTT6PR2BE4CHF9RW389,longline-scoop-neck,Longline Scoop Neck,,,draft,,,,,,,,,,true,,2025-10-21T15:22:39.342Z,,,false,,2025-10-21T15:22:39.342Z,variant_01K83NV01MSNQ1HC1WDZEFJ101,Bone Longline Scoop Neck,,,,,,true,false,,2025-10-21T15:22:39.574Z,,,,,,Color,Bone,Size,S,,175,prod_01K83NTZTT6PR2BE4CHF9RW389,2025-10-21T15:22:39.574Z,0,,
prod_01K83NTZTT6PR2BE4CHF9RW389,longline-scoop-neck,Longline Scoop Neck,,,draft,,,,,,,,,,true,,2025-10-21T15:22:39.342Z,,,false,,2025-10-21T15:22:39.342Z,variant_01K83NV01MNVPSW0RFMGFGKEWM,Pale Clay Longline Scoop Neck,,,,,,true,false,,2025-10-21T15:22:39.574Z,,,,,,Color,Pale Clay,Size,S,,175,prod_01K83NTZTT6PR2BE4CHF9RW389,2025-10-21T15:22:39.574Z,0,,
prod_01K83NTZTT6PR2BE4CHF9RW389,longline-scoop-neck,Longline Scoop Neck,,,draft,,,,,,,,,,true,,2025-10-21T15:22:39.342Z,,,false,,2025-10-21T15:22:39.342Z,variant_01K83NV01MH5QX7Q6X22SGQ696,Cedar Longline Scoop Neck,,,,,,true,false,,2025-10-21T15:22:39.574Z,,,,,,Color,Cedar,Size,S,,175,prod_01K83NTZTT6PR2BE4CHF9RW389,2025-10-21T15:22:39.574Z,0,,
prod_01K83NTZTT6PR2BE4CHF9RW389,longline-scoop-neck,Longline Scoop Neck,,,draft,,,,,,,,,,true,,2025-10-21T15:22:39.342Z,,,false,,2025-10-21T15:22:39.342Z,variant_01K83NV01S9SZSS343861K5F7E,Black Longline Scoop Neck,,,,,,true,false,,2025-10-21T15:22:39.574Z,,,,,,Color,Black,Size,M,,175,prod_01K83NTZTT6PR2BE4CHF9RW389,2025-10-21T15:22:39.574Z,0,,
prod_01K83NTZTT6PR2BE4CHF9RW389,longline-scoop-neck,Longline Scoop Neck,,,draft,,,,,,,,,,true,,2025-10-21T15:22:39.342Z,,,false,,2025-10-21T15:22:39.342Z,variant_01K83NV024GA4MSWA6D2CY85ES,Bone Longline Scoop Neck,,,,,,true,false,,2025-10-21T15:22:39.574Z,,,,,,Color,Bone,Size,M,,175,prod_01K83NTZTT6PR2BE4CHF9RW389,2025-10-21T15:22:39.574Z,0,,
prod_01K83NTZTT6PR2BE4CHF9RW389,longline-scoop-neck,Longline Scoop Neck,,,draft,,,,,,,,,,true,,2025-10-21T15:22:39.342Z,,,false,,2025-10-21T15:22:39.342Z,variant_01K83NV025VV7ZQEFD9P683DWB,Pale Clay Longline Scoop Neck,,,,,,true,false,,2025-10-21T15:22:39.574Z,,,,,,Color,Pale Clay,Size,M,,175,prod_01K83NTZTT6PR2BE4CHF9RW389,2025-10-21T15:22:39.574Z,0,,
prod_01K83NTZTT6PR2BE4CHF9RW389,longline-scoop-neck,Longline Scoop Neck,,,draft,,,,,,,,,,true,,2025-10-21T15:22:39.342Z,,,false,,2025-10-21T15:22:39.342Z,variant_01K83NV025SJFPEN4PHRA158E0,Cedar Longline Scoop Neck,,,,,,true,false,,2025-10-21T15:22:39.574Z,,,,,,Color,Cedar,Size,M,,175,prod_01K83NTZTT6PR2BE4CHF9RW389,2025-10-21T15:22:39.574Z,0,,
prod_01K83NTZTT6PR2BE4CHF9RW389,longline-scoop-neck,Longline Scoop Neck,,,draft,,,,,,,,,,true,,2025-10-21T15:22:39.342Z,,,false,,2025-10-21T15:22:39.342Z,variant_01K83NV025BQWVHVWHGCG8ZGQP,Black Longline Scoop Neck,,,,,,true,false,,2025-10-21T15:22:39.574Z,,,,,,Color,Black,Size,L,,175,prod_01K83NTZTT6PR2BE4CHF9RW389,2025-10-21T15:22:39.574Z,0,,
prod_01K83NTZTT6PR2BE4CHF9RW389,longline-scoop-neck,Longline Scoop Neck,,,draft,,,,,,,,,,true,,2025-10-21T15:22:39.342Z,,,false,,2025-10-21T15:22:39.342Z,variant_01K83NV025655P0XCQB9615RR2,Bone Longline Scoop Neck,,,,,,true,false,,2025-10-21T15:22:39.574Z,,,,,,Color,Bone,Size,L,,175,prod_01K83NTZTT6PR2BE4CHF9RW389,2025-10-21T15:22:39.574Z,0,,
prod_01K83NTZTT6PR2BE4CHF9RW389,longline-scoop-neck,Longline Scoop Neck,,,draft,,,,,,,,,,true,,2025-10-21T15:22:39.342Z,,,false,,2025-10-21T15:22:39.342Z,variant_01K83NV025133GK1XD879CM93H,Pale Clay Longline Scoop Neck,,,,,,true,false,,2025-10-21T15:22:39.574Z,,,,,,Color,Pale Clay,Size,L,,175,prod_01K83NTZTT6PR2BE4CHF9RW389,2025-10-21T15:22:39.574Z,0,,
prod_01K83NTZTT6PR2BE4CHF9RW389,longline-scoop-neck,Longline Scoop Neck,,,draft,,,,,,,,,,true,,2025-10-21T15:22:39.342Z,,,false,,2025-10-21T15:22:39.342Z,variant_01K83NV025BTZ1CCCKV7ESC77G,Cedar Longline Scoop Neck,,,,,,true,false,,2025-10-21T15:22:39.574Z,,,,,,Color,Cedar,Size,L,,175,prod_01K83NTZTT6PR2BE4CHF9RW389,2025-10-21T15:22:39.574Z,0,,
prod_01K83NTZTT6PR2BE4CHF9RW389,longline-scoop-neck,Longline Scoop Neck,,,draft,,,,,,,,,,true,,2025-10-21T15:22:39.342Z,,,false,,2025-10-21T15:22:39.342Z,variant_01K83NV0255W6SV537NF3M756Y,Black Longline Scoop Neck,,,,,,true,false,,2025-10-21T15:22:39.574Z,,,,,,Color,Black,Size,XL,,175,prod_01K83NTZTT6PR2BE4CHF9RW389,2025-10-21T15:22:39.574Z,0,,
prod_01K83NTZTT6PR2BE4CHF9RW389,longline-scoop-neck,Longline Scoop Neck,,,draft,,,,,,,,,,true,,2025-10-21T15:22:39.342Z,,,false,,2025-10-21T15:22:39.342Z,variant_01K83NV026TDWNANC7JJ13F5WB,Bone Longline Scoop Neck,,,,,,true,false,,2025-10-21T15:22:39.574Z,,,,,,Color,Bone,Size,XL,,175,prod_01K83NTZTT6PR2BE4CHF9RW389,2025-10-21T15:22:39.574Z,0,,
prod_01K83NTZTT6PR2BE4CHF9RW389,longline-scoop-neck,Longline Scoop Neck,,,draft,,,,,,,,,,true,,2025-10-21T15:22:39.342Z,,,false,,2025-10-21T15:22:39.342Z,variant_01K83NV026KTW7ZTKYEJWQA058,Pale Clay Longline Scoop Neck,,,,,,true,false,,2025-10-21T15:22:39.574Z,,,,,,Color,Pale Clay,Size,XL,,175,prod_01K83NTZTT6PR2BE4CHF9RW389,2025-10-21T15:22:39.574Z,0,,
prod_01K83NTZTT6PR2BE4CHF9RW389,longline-scoop-neck,Longline Scoop Neck,,,draft,,,,,,,,,,true,,2025-10-21T15:22:39.342Z,,,false,,2025-10-21T15:22:39.342Z,variant_01K83NV026EYFC1ZMSRMB9R6YH,Cedar Longline Scoop Neck,,,,,,true,false,,2025-10-21T15:22:39.574Z,,,,,,Color,Cedar,Size,XL,,175,prod_01K83NTZTT6PR2BE4CHF9RW389,2025-10-21T15:22:39.574Z,0,,
prod_01K83NTZTTAXYGAS0VQX7N782J,olo-heavy-weight-merino-sweatshirt,Olo Heavy Weight Merino Sweatshirt,,,draft,,,,,,,,,,true,,2025-10-21T15:22:39.342Z,,,false,,2025-10-21T15:22:39.342Z,variant_01K83NV026ZYRTM5DBNTK447VR,Black Olo Heavy Weight Merino Sweatshirt,,,,,,true,false,,2025-10-21T15:22:39.574Z,,,,,,Color,Black,Size,XS,,255,prod_01K83NTZTTAXYGAS0VQX7N782J,2025-10-21T15:22:39.574Z,0,,
prod_01K83NTZTTAXYGAS0VQX7N782J,olo-heavy-weight-merino-sweatshirt,Olo Heavy Weight Merino Sweatshirt,,,draft,,,,,,,,,,true,,2025-10-21T15:22:39.342Z,,,false,,2025-10-21T15:22:39.342Z,variant_01K83NV0264QHYX1M3NSCQ1JA9,Olive Olo Heavy Weight Merino Sweatshirt,,,,,,true,false,,2025-10-21T15:22:39.574Z,,,,,,Color,Olive,Size,XS,,255,prod_01K83NTZTTAXYGAS0VQX7N782J,2025-10-21T15:22:39.574Z,0,,
prod_01K83NTZTTAXYGAS0VQX7N782J,olo-heavy-weight-merino-sweatshirt,Olo Heavy Weight Merino Sweatshirt,,,draft,,,,,,,,,,true,,2025-10-21T15:22:39.342Z,,,false,,2025-10-21T15:22:39.342Z,variant_01K83NV026M73HH7HV2EB4VQP8,Cedar Olo Heavy Weight Merino Sweatshirt,,,,,,true,false,,2025-10-21T15:22:39.574Z,,,,,,Color,Cedar,Size,XS,,255,prod_01K83NTZTTAXYGAS0VQX7N782J,2025-10-21T15:22:39.574Z,0,,
prod_01K83NTZTTAXYGAS0VQX7N782J,olo-heavy-weight-merino-sweatshirt,Olo Heavy Weight Merino Sweatshirt,,,draft,,,,,,,,,,true,,2025-10-21T15:22:39.342Z,,,false,,2025-10-21T15:22:39.342Z,variant_01K83NV026F8X754NNCMFVTBM0,Clay Olo Heavy Weight Merino Sweatshirt,,,,,,true,false,,2025-10-21T15:22:39.574Z,,,,,,Color,Clay,Size,XS,,255,prod_01K83NTZTTAXYGAS0VQX7N782J,2025-10-21T15:22:39.574Z,0,,
prod_01K83NTZTTAXYGAS0VQX7N782J,olo-heavy-weight-merino-sweatshirt,Olo Heavy Weight Merino Sweatshirt,,,draft,,,,,,,,,,true,,2025-10-21T15:22:39.342Z,,,false,,2025-10-21T15:22:39.342Z,variant_01K83NV027T4DVQZQ2YCGVJ5JJ,Bone Olo Heavy Weight Merino Sweatshirt,,,,,,true,false,,2025-10-21T15:22:39.574Z,,,,,,Color,Bone,Size,XS,,255,prod_01K83NTZTTAXYGAS0VQX7N782J,2025-10-21T15:22:39.574Z,0,,
prod_01K83NTZTTAXYGAS0VQX7N782J,olo-heavy-weight-merino-sweatshirt,Olo Heavy Weight Merino Sweatshirt,,,draft,,,,,,,,,,true,,2025-10-21T15:22:39.342Z,,,false,,2025-10-21T15:22:39.342Z,variant_01K83NV027QYGVH5C05JSYR5BY,Black Olo Heavy Weight Merino Sweatshirt,,,,,,true,false,,2025-10-21T15:22:39.574Z,,,,,,Color,Black,Size,S,,255,prod_01K83NTZTTAXYGAS0VQX7N782J,2025-10-21T15:22:39.574Z,0,,
prod_01K83NTZTTAXYGAS0VQX7N782J,olo-heavy-weight-merino-sweatshirt,Olo Heavy Weight Merino Sweatshirt,,,draft,,,,,,,,,,true,,2025-10-21T15:22:39.342Z,,,false,,2025-10-21T15:22:39.342Z,variant_01K83NV027QS1T50Z3B16VSNZZ,Olive Olo Heavy Weight Merino Sweatshirt,,,,,,true,false,,2025-10-21T15:22:39.574Z,,,,,,Color,Olive,Size,S,,255,prod_01K83NTZTTAXYGAS0VQX7N782J,2025-10-21T15:22:39.574Z,0,,
prod_01K83NTZTTAXYGAS0VQX7N782J,olo-heavy-weight-merino-sweatshirt,Olo Heavy Weight Merino Sweatshirt,,,draft,,,,,,,,,,true,,2025-10-21T15:22:39.342Z,,,false,,2025-10-21T15:22:39.342Z,variant_01K83NV027HET0P3SB4HQA0DQ1,Cedar Olo Heavy Weight Merino Sweatshirt,,,,,,true,false,,2025-10-21T15:22:39.574Z,,,,,,Color,Cedar,Size,S,,255,prod_01K83NTZTTAXYGAS0VQX7N782J,2025-10-21T15:22:39.574Z,0,,
prod_01K83NTZTTAXYGAS0VQX7N782J,olo-heavy-weight-merino-sweatshirt,Olo Heavy Weight Merino Sweatshirt,,,draft,,,,,,,,,,true,,2025-10-21T15:22:39.342Z,,,false,,2025-10-21T15:22:39.342Z,variant_01K83NV027PF3EWSV52MJ8DPSX,Clay Olo Heavy Weight Merino Sweatshirt,,,,,,true,false,,2025-10-21T15:22:39.574Z,,,,,,Color,Clay,Size,S,,255,prod_01K83NTZTTAXYGAS0VQX7N782J,2025-10-21T15:22:39.574Z,0,,
prod_01K83NTZTTAXYGAS0VQX7N782J,olo-heavy-weight-merino-sweatshirt,Olo Heavy Weight Merino Sweatshirt,,,draft,,,,,,,,,,true,,2025-10-21T15:22:39.342Z,,,false,,2025-10-21T15:22:39.342Z,variant_01K83NV027Q14KDPP0A5QEX112,Bone Olo Heavy Weight Merino Sweatshirt,,,,,,true,false,,2025-10-21T15:22:39.574Z,,,,,,Color,Bone,Size,S,,255,prod_01K83NTZTTAXYGAS0VQX7N782J,2025-10-21T15:22:39.574Z,0,,
prod_01K83NTZTTAXYGAS0VQX7N782J,olo-heavy-weight-merino-sweatshirt,Olo Heavy Weight Merino Sweatshirt,,,draft,,,,,,,,,,true,,2025-10-21T15:22:39.342Z,,,false,,2025-10-21T15:22:39.342Z,variant_01K83NV027R91WXE067D5WBEJ8,Black Olo Heavy Weight Merino Sweatshirt,,,,,,true,false,,2025-10-21T15:22:39.574Z,,,,,,Color,Black,Size,M,,255,prod_01K83NTZTTAXYGAS0VQX7N782J,2025-10-21T15:22:39.574Z,0,,
prod_01K83NTZTTAXYGAS0VQX7N782J,olo-heavy-weight-merino-sweatshirt,Olo Heavy Weight Merino Sweatshirt,,,draft,,,,,,,,,,true,,2025-10-21T15:22:39.342Z,,,false,,2025-10-21T15:22:39.342Z,variant_01K83NV02754P0ZMFTM2WTRB5R,Olive Olo Heavy Weight Merino Sweatshirt,,,,,,true,false,,2025-10-21T15:22:39.574Z,,,,,,Color,Olive,Size,M,,255,prod_01K83NTZTTAXYGAS0VQX7N782J,2025-10-21T15:22:39.574Z,0,,
prod_01K83NTZTTAXYGAS0VQX7N782J,olo-heavy-weight-merino-sweatshirt,Olo Heavy Weight Merino Sweatshirt,,,draft,,,,,,,,,,true,,2025-10-21T15:22:39.342Z,,,false,,2025-10-21T15:22:39.342Z,variant_01K83NV0287Y49N16T0AZAKSTN,Cedar Olo Heavy Weight Merino Sweatshirt,,,,,,true,false,,2025-10-21T15:22:39.574Z,,,,,,Color,Cedar,Size,M,,255,prod_01K83NTZTTAXYGAS0VQX7N782J,2025-10-21T15:22:39.574Z,0,,
prod_01K83NTZTTAXYGAS0VQX7N782J,olo-heavy-weight-merino-sweatshirt,Olo Heavy Weight Merino Sweatshirt,,,draft,,,,,,,,,,true,,2025-10-21T15:22:39.342Z,,,false,,2025-10-21T15:22:39.342Z,variant_01K83NV028V0N0VREW3APAPX9P,Clay Olo Heavy Weight Merino Sweatshirt,,,,,,true,false,,2025-10-21T15:22:39.574Z,,,,,,Color,Clay,Size,M,,255,prod_01K83NTZTTAXYGAS0VQX7N782J,2025-10-21T15:22:39.574Z,0,,
prod_01K83NTZTTAXYGAS0VQX7N782J,olo-heavy-weight-merino-sweatshirt,Olo Heavy Weight Merino Sweatshirt,,,draft,,,,,,,,,,true,,2025-10-21T15:22:39.342Z,,,false,,2025-10-21T15:22:39.342Z,variant_01K83NV028DT1MS1AM27J16ZWQ,Bone Olo Heavy Weight Merino Sweatshirt,,,,,,true,false,,2025-10-21T15:22:39.574Z,,,,,,Color,Bone,Size,M,,255,prod_01K83NTZTTAXYGAS0VQX7N782J,2025-10-21T15:22:39.574Z,0,,
prod_01K83NTZTTAXYGAS0VQX7N782J,olo-heavy-weight-merino-sweatshirt,Olo Heavy Weight Merino Sweatshirt,,,draft,,,,,,,,,,true,,2025-10-21T15:22:39.342Z,,,false,,2025-10-21T15:22:39.342Z,variant_01K83NV0281X032QERT76ETA5A,Black Olo Heavy Weight Merino Sweatshirt,,,,,,true,false,,2025-10-21T15:22:39.574Z,,,,,,Color,Black,Size,L,,255,prod_01K83NTZTTAXYGAS0VQX7N782J,2025-10-21T15:22:39.574Z,0,,
prod_01K83NTZTTAXYGAS0VQX7N782J,olo-heavy-weight-merino-sweatshirt,Olo Heavy Weight Merino Sweatshirt,,,draft,,,,,,,,,,true,,2025-10-21T15:22:39.342Z,,,false,,2025-10-21T15:22:39.342Z,variant_01K83NV028F4VK4QEY9BWYF77E,Olive Olo Heavy Weight Merino Sweatshirt,,,,,,true,false,,2025-10-21T15:22:39.574Z,,,,,,Color,Olive,Size,L,,255,prod_01K83NTZTTAXYGAS0VQX7N782J,2025-10-21T15:22:39.574Z,0,,
prod_01K83NTZTTAXYGAS0VQX7N782J,olo-heavy-weight-merino-sweatshirt,Olo Heavy Weight Merino Sweatshirt,,,draft,,,,,,,,,,true,,2025-10-21T15:22:39.342Z,,,false,,2025-10-21T15:22:39.342Z,variant_01K83NV0287BVGTMK09QJHVGQX,Cedar Olo Heavy Weight Merino Sweatshirt,,,,,,true,false,,2025-10-21T15:22:39.574Z,,,,,,Color,Cedar,Size,L,,255,prod_01K83NTZTTAXYGAS0VQX7N782J,2025-10-21T15:22:39.574Z,0,,
prod_01K83NTZTTAXYGAS0VQX7N782J,olo-heavy-weight-merino-sweatshirt,Olo Heavy Weight Merino Sweatshirt,,,draft,,,,,,,,,,true,,2025-10-21T15:22:39.342Z,,,false,,2025-10-21T15:22:39.342Z,variant_01K83NV028F9W4E1VF9ZTDJ2PM,Clay Olo Heavy Weight Merino Sweatshirt,,,,,,true,false,,2025-10-21T15:22:39.574Z,,,,,,Color,Clay,Size,L,,255,prod_01K83NTZTTAXYGAS0VQX7N782J,2025-10-21T15:22:39.574Z,0,,
prod_01K83NTZTTAXYGAS0VQX7N782J,olo-heavy-weight-merino-sweatshirt,Olo Heavy Weight Merino Sweatshirt,,,draft,,,,,,,,,,true,,2025-10-21T15:22:39.342Z,,,false,,2025-10-21T15:22:39.342Z,variant_01K83NV029QJWK9D9CS16AF7K5,Bone Olo Heavy Weight Merino Sweatshirt,,,,,,true,false,,2025-10-21T15:22:39.574Z,,,,,,Color,Bone,Size,L,,255,prod_01K83NTZTTAXYGAS0VQX7N782J,2025-10-21T15:22:39.574Z,0,,
prod_01K83NTZTTAXYGAS0VQX7N782J,olo-heavy-weight-merino-sweatshirt,Olo Heavy Weight Merino Sweatshirt,,,draft,,,,,,,,,,true,,2025-10-21T15:22:39.342Z,,,false,,2025-10-21T15:22:39.342Z,variant_01K83NV029BM3ES7FH2ZRN2B1R,Black Olo Heavy Weight Merino Sweatshirt,,,,,,true,false,,2025-10-21T15:22:39.574Z,,,,,,Color,Black,Size,XL,,255,prod_01K83NTZTTAXYGAS0VQX7N782J,2025-10-21T15:22:39.574Z,0,,
prod_01K83NTZTTAXYGAS0VQX7N782J,olo-heavy-weight-merino-sweatshirt,Olo Heavy Weight Merino Sweatshirt,,,draft,,,,,,,,,,true,,2025-10-21T15:22:39.342Z,,,false,,2025-10-21T15:22:39.342Z,variant_01K83NV029CHJ5W32D2VS5YY4V,Olive Olo Heavy Weight Merino Sweatshirt,,,,,,true,false,,2025-10-21T15:22:39.574Z,,,,,,Color,Olive,Size,XL,,255,prod_01K83NTZTTAXYGAS0VQX7N782J,2025-10-21T15:22:39.574Z,0,,
prod_01K83NTZTTAXYGAS0VQX7N782J,olo-heavy-weight-merino-sweatshirt,Olo Heavy Weight Merino Sweatshirt,,,draft,,,,,,,,,,true,,2025-10-21T15:22:39.342Z,,,false,,2025-10-21T15:22:39.342Z,variant_01K83NV029RVSES8273J1JC2X8,Cedar Olo Heavy Weight Merino Sweatshirt,,,,,,true,false,,2025-10-21T15:22:39.574Z,,,,,,Color,Cedar,Size,XL,,255,prod_01K83NTZTTAXYGAS0VQX7N782J,2025-10-21T15:22:39.574Z,0,,
prod_01K83NTZTTAXYGAS0VQX7N782J,olo-heavy-weight-merino-sweatshirt,Olo Heavy Weight Merino Sweatshirt,,,draft,,,,,,,,,,true,,2025-10-21T15:22:39.342Z,,,false,,2025-10-21T15:22:39.342Z,variant_01K83NV029PTV5JPD31WQ529QK,Clay Olo Heavy Weight Merino Sweatshirt,,,,,,true,false,,2025-10-21T15:22:39.574Z,,,,,,Color,Clay,Size,XL,,255,prod_01K83NTZTTAXYGAS0VQX7N782J,2025-10-21T15:22:39.574Z,0,,
prod_01K83NTZTTAXYGAS0VQX7N782J,olo-heavy-weight-merino-sweatshirt,Olo Heavy Weight Merino Sweatshirt,,,draft,,,,,,,,,,true,,2025-10-21T15:22:39.342Z,,,false,,2025-10-21T15:22:39.342Z,variant_01K83NV0295ABZTTJNNVR26JBE,Bone Olo Heavy Weight Merino Sweatshirt,,,,,,true,false,,2025-10-21T15:22:39.574Z,,,,,,Color,Bone,Size,XL,,255,prod_01K83NTZTTAXYGAS0VQX7N782J,2025-10-21T15:22:39.574Z,0,,
prod_01K83NTZTTE23186K14HCJQK1A,perinne-unisex-pajamas,Perinne Unisex Pajamas,,,draft,,,,,,,,,,true,,2025-10-21T15:22:39.342Z,,,false,,2025-10-21T15:22:39.342Z,variant_01K83NV02EDWG1J0CCQPPRTYXJ,Black Eco Tencel Perinne Unisex Pajamas,,,,,,true,false,,2025-10-21T15:22:39.575Z,,,,,,Color,Black Eco Tencel,Size,XS,,765,prod_01K83NTZTTE23186K14HCJQK1A,2025-10-21T15:22:39.575Z,0,,
prod_01K83NTZTTE23186K14HCJQK1A,perinne-unisex-pajamas,Perinne Unisex Pajamas,,,draft,,,,,,,,,,true,,2025-10-21T15:22:39.342Z,,,false,,2025-10-21T15:22:39.342Z,variant_01K83NV02E3621K33HAYGRJNZG,Black Eco Tencel Perinne Unisex Pajamas,,,,,,true,false,,2025-10-21T15:22:39.575Z,,,,,,Color,Black Eco Tencel,Size,S,,765,prod_01K83NTZTTE23186K14HCJQK1A,2025-10-21T15:22:39.575Z,0,,
prod_01K83NTZTTE23186K14HCJQK1A,perinne-unisex-pajamas,Perinne Unisex Pajamas,,,draft,,,,,,,,,,true,,2025-10-21T15:22:39.342Z,,,false,,2025-10-21T15:22:39.342Z,variant_01K83NV02EKHRNVMRSHTMGTZJ9,Black Eco Tencel Perinne Unisex Pajamas,,,,,,true,false,,2025-10-21T15:22:39.575Z,,,,,,Color,Black Eco Tencel,Size,M,,765,prod_01K83NTZTTE23186K14HCJQK1A,2025-10-21T15:22:39.575Z,0,,
prod_01K83NTZTTE23186K14HCJQK1A,perinne-unisex-pajamas,Perinne Unisex Pajamas,,,draft,,,,,,,,,,true,,2025-10-21T15:22:39.342Z,,,false,,2025-10-21T15:22:39.342Z,variant_01K83NV02EQ05K8V84N4FXFBQ8,Black Eco Tencel Perinne Unisex Pajamas,,,,,,true,false,,2025-10-21T15:22:39.575Z,,,,,,Color,Black Eco Tencel,Size,L,,765,prod_01K83NTZTTE23186K14HCJQK1A,2025-10-21T15:22:39.575Z,0,,
prod_01K83NTZTTE23186K14HCJQK1A,perinne-unisex-pajamas,Perinne Unisex Pajamas,,,draft,,,,,,,,,,true,,2025-10-21T15:22:39.342Z,,,false,,2025-10-21T15:22:39.342Z,variant_01K83NV02FYEHJM2TEHVQBBVFH,Black Eco Tencel Perinne Unisex Pajamas,,,,,,true,false,,2025-10-21T15:22:39.575Z,,,,,,Color,Black Eco Tencel,Size,XL,,765,prod_01K83NTZTTE23186K14HCJQK1A,2025-10-21T15:22:39.575Z,0,,
prod_01K83NTZTTE8J7WWBT0FTCR80M,relaxed-turtleneck,Relaxed Turtleneck,,,draft,,,,,,,,,,true,,2025-10-21T15:22:39.342Z,,,false,,2025-10-21T15:22:39.342Z,variant_01K83NV01EQEPHCSZT65RCZRNW,Pale Clay Relaxed Turtleneck,,,,,,true,false,,2025-10-21T15:22:39.573Z,,,,,,Color,Pale Clay,Size,XS,,195,prod_01K83NTZTTE8J7WWBT0FTCR80M,2025-10-21T15:22:39.573Z,0,,
prod_01K83NTZTTE8J7WWBT0FTCR80M,relaxed-turtleneck,Relaxed Turtleneck,,,draft,,,,,,,,,,true,,2025-10-21T15:22:39.342Z,,,false,,2025-10-21T15:22:39.342Z,variant_01K83NV01EK8H0WPRK24FVC1X0,Redwood Relaxed Turtleneck,,,,,,true,false,,2025-10-21T15:22:39.573Z,,,,,,Color,Redwood,Size,XS,,195,prod_01K83NTZTTE8J7WWBT0FTCR80M,2025-10-21T15:22:39.573Z,0,,
prod_01K83NTZTTE8J7WWBT0FTCR80M,relaxed-turtleneck,Relaxed Turtleneck,,,draft,,,,,,,,,,true,,2025-10-21T15:22:39.342Z,,,false,,2025-10-21T15:22:39.342Z,variant_01K83NV01FQR42K65GERSJBJ02,Black Relaxed Turtleneck,,,,,,true,false,,2025-10-21T15:22:39.573Z,,,,,,Color,Black,Size,XS,,195,prod_01K83NTZTTE8J7WWBT0FTCR80M,2025-10-21T15:22:39.573Z,0,,
prod_01K83NTZTTE8J7WWBT0FTCR80M,relaxed-turtleneck,Relaxed Turtleneck,,,draft,,,,,,,,,,true,,2025-10-21T15:22:39.342Z,,,false,,2025-10-21T15:22:39.342Z,variant_01K83NV01FWWFMRB7NZ938BM2V,Pale Clay Relaxed Turtleneck,,,,,,true,false,,2025-10-21T15:22:39.573Z,,,,,,Color,Pale Clay,Size,S,,195,prod_01K83NTZTTE8J7WWBT0FTCR80M,2025-10-21T15:22:39.573Z,0,,
prod_01K83NTZTTE8J7WWBT0FTCR80M,relaxed-turtleneck,Relaxed Turtleneck,,,draft,,,,,,,,,,true,,2025-10-21T15:22:39.342Z,,,false,,2025-10-21T15:22:39.342Z,variant_01K83NV01F1Z1Y3NYBVXC0W1NS,Redwood Relaxed Turtleneck,,,,,,true,false,,2025-10-21T15:22:39.573Z,,,,,,Color,Redwood,Size,S,,195,prod_01K83NTZTTE8J7WWBT0FTCR80M,2025-10-21T15:22:39.573Z,0,,
prod_01K83NTZTTE8J7WWBT0FTCR80M,relaxed-turtleneck,Relaxed Turtleneck,,,draft,,,,,,,,,,true,,2025-10-21T15:22:39.342Z,,,false,,2025-10-21T15:22:39.342Z,variant_01K83NV01F3VBYCGMMRR8BT65J,Black Relaxed Turtleneck,,,,,,true,false,,2025-10-21T15:22:39.573Z,,,,,,Color,Black,Size,S,,195,prod_01K83NTZTTE8J7WWBT0FTCR80M,2025-10-21T15:22:39.573Z,0,,
prod_01K83NTZTTE8J7WWBT0FTCR80M,relaxed-turtleneck,Relaxed Turtleneck,,,draft,,,,,,,,,,true,,2025-10-21T15:22:39.342Z,,,false,,2025-10-21T15:22:39.342Z,variant_01K83NV01G3Q2M19SYHQBP84TC,Pale Clay Relaxed Turtleneck,,,,,,true,false,,2025-10-21T15:22:39.573Z,,,,,,Color,Pale Clay,Size,M,,195,prod_01K83NTZTTE8J7WWBT0FTCR80M,2025-10-21T15:22:39.573Z,0,,
prod_01K83NTZTTE8J7WWBT0FTCR80M,relaxed-turtleneck,Relaxed Turtleneck,,,draft,,,,,,,,,,true,,2025-10-21T15:22:39.342Z,,,false,,2025-10-21T15:22:39.342Z,variant_01K83NV01G6SK0NXZD7CFDTPK9,Redwood Relaxed Turtleneck,,,,,,true,false,,2025-10-21T15:22:39.573Z,,,,,,Color,Redwood,Size,M,,195,prod_01K83NTZTTE8J7WWBT0FTCR80M,2025-10-21T15:22:39.573Z,0,,
prod_01K83NTZTTE8J7WWBT0FTCR80M,relaxed-turtleneck,Relaxed Turtleneck,,,draft,,,,,,,,,,true,,2025-10-21T15:22:39.342Z,,,false,,2025-10-21T15:22:39.342Z,variant_01K83NV01G1C4RGYN77JE8M6DC,Black Relaxed Turtleneck,,,,,,true,false,,2025-10-21T15:22:39.574Z,,,,,,Color,Black,Size,M,,195,prod_01K83NTZTTE8J7WWBT0FTCR80M,2025-10-21T15:22:39.574Z,0,,
prod_01K83NTZTTE8J7WWBT0FTCR80M,relaxed-turtleneck,Relaxed Turtleneck,,,draft,,,,,,,,,,true,,2025-10-21T15:22:39.342Z,,,false,,2025-10-21T15:22:39.342Z,variant_01K83NV01GBV4H8NQMFW52VPRR,Pale Clay Relaxed Turtleneck,,,,,,true,false,,2025-10-21T15:22:39.574Z,,,,,,Color,Pale Clay,Size,L,,195,prod_01K83NTZTTE8J7WWBT0FTCR80M,2025-10-21T15:22:39.574Z,0,,
prod_01K83NTZTTE8J7WWBT0FTCR80M,relaxed-turtleneck,Relaxed Turtleneck,,,draft,,,,,,,,,,true,,2025-10-21T15:22:39.342Z,,,false,,2025-10-21T15:22:39.342Z,variant_01K83NV01H23EE9DZ183Y1ARMD,Redwood Relaxed Turtleneck,,,,,,true,false,,2025-10-21T15:22:39.574Z,,,,,,Color,Redwood,Size,L,,195,prod_01K83NTZTTE8J7WWBT0FTCR80M,2025-10-21T15:22:39.574Z,0,,
prod_01K83NTZTTE8J7WWBT0FTCR80M,relaxed-turtleneck,Relaxed Turtleneck,,,draft,,,,,,,,,,true,,2025-10-21T15:22:39.342Z,,,false,,2025-10-21T15:22:39.342Z,variant_01K83NV01HBFB3ZPP4SBRN4HRF,Black Relaxed Turtleneck,,,,,,true,false,,2025-10-21T15:22:39.574Z,,,,,,Color,Black,Size,L,,195,prod_01K83NTZTTE8J7WWBT0FTCR80M,2025-10-21T15:22:39.574Z,0,,
prod_01K83NTZTTE8J7WWBT0FTCR80M,relaxed-turtleneck,Relaxed Turtleneck,,,draft,,,,,,,,,,true,,2025-10-21T15:22:39.342Z,,,false,,2025-10-21T15:22:39.342Z,variant_01K83NV01HSSRNAKBNF4P7R6SE,Pale Clay Relaxed Turtleneck,,,,,,true,false,,2025-10-21T15:22:39.574Z,,,,,,Color,Pale Clay,Size,XL,,195,prod_01K83NTZTTE8J7WWBT0FTCR80M,2025-10-21T15:22:39.574Z,0,,
prod_01K83NTZTTE8J7WWBT0FTCR80M,relaxed-turtleneck,Relaxed Turtleneck,,,draft,,,,,,,,,,true,,2025-10-21T15:22:39.342Z,,,false,,2025-10-21T15:22:39.342Z,variant_01K83NV01JTH46Z00CB3GN0BND,Redwood Relaxed Turtleneck,,,,,,true,false,,2025-10-21T15:22:39.574Z,,,,,,Color,Redwood,Size,XL,,195,prod_01K83NTZTTE8J7WWBT0FTCR80M,2025-10-21T15:22:39.574Z,0,,
prod_01K83NTZTTE8J7WWBT0FTCR80M,relaxed-turtleneck,Relaxed Turtleneck,,,draft,,,,,,,,,,true,,2025-10-21T15:22:39.342Z,,,false,,2025-10-21T15:22:39.342Z,variant_01K83NV01JJG6V24T80JVGPYA0,Black Relaxed Turtleneck,,,,,,true,false,,2025-10-21T15:22:39.574Z,,,,,,Color,Black,Size,XL,,195,prod_01K83NTZTTE8J7WWBT0FTCR80M,2025-10-21T15:22:39.574Z,0,,
prod_01K83NTZTTKHASCA6KD836BT9R,jogger,Jogger,,,draft,,,,,,,,,,true,,2025-10-21T15:22:39.342Z,,,false,,2025-10-21T15:22:39.342Z,variant_01K83NV029VXPETE9JEX9SW7SP,Black Jogger,,,,,,true,false,,2025-10-21T15:22:39.574Z,,,,,,Color,Black,Size,XS,,275,prod_01K83NTZTTKHASCA6KD836BT9R,2025-10-21T15:22:39.574Z,0,,
prod_01K83NTZTTKHASCA6KD836BT9R,jogger,Jogger,,,draft,,,,,,,,,,true,,2025-10-21T15:22:39.342Z,,,false,,2025-10-21T15:22:39.342Z,variant_01K83NV029T470C0FSCCA9WG28,Olive Jogger,,,,,,true,false,,2025-10-21T15:22:39.575Z,,,,,,Color,Olive,Size,XS,,275,prod_01K83NTZTTKHASCA6KD836BT9R,2025-10-21T15:22:39.575Z,0,,
prod_01K83NTZTTKHASCA6KD836BT9R,jogger,Jogger,,,draft,,,,,,,,,,true,,2025-10-21T15:22:39.342Z,,,false,,2025-10-21T15:22:39.342Z,variant_01K83NV02ANYSCAJN1NSWEWVHV,Cedar Jogger,,,,,,true,false,,2025-10-21T15:22:39.575Z,,,,,,Color,Cedar,Size,XS,,275,prod_01K83NTZTTKHASCA6KD836BT9R,2025-10-21T15:22:39.575Z,0,,
prod_01K83NTZTTKHASCA6KD836BT9R,jogger,Jogger,,,draft,,,,,,,,,,true,,2025-10-21T15:22:39.342Z,,,false,,2025-10-21T15:22:39.342Z,variant_01K83NV02ABCHFQCQF0TDJNZ4Z,Clay Jogger,,,,,,true,false,,2025-10-21T15:22:39.575Z,,,,,,Color,Clay,Size,XS,,275,prod_01K83NTZTTKHASCA6KD836BT9R,2025-10-21T15:22:39.575Z,0,,
prod_01K83NTZTTKHASCA6KD836BT9R,jogger,Jogger,,,draft,,,,,,,,,,true,,2025-10-21T15:22:39.342Z,,,false,,2025-10-21T15:22:39.342Z,variant_01K83NV02A5J7VR5BCNW8T16T6,Bone Jogger,,,,,,true,false,,2025-10-21T15:22:39.575Z,,,,,,Color,Bone,Size,XS,,275,prod_01K83NTZTTKHASCA6KD836BT9R,2025-10-21T15:22:39.575Z,0,,
prod_01K83NTZTTKHASCA6KD836BT9R,jogger,Jogger,,,draft,,,,,,,,,,true,,2025-10-21T15:22:39.342Z,,,false,,2025-10-21T15:22:39.342Z,variant_01K83NV02A1M1241M432HXCAR2,Black Jogger,,,,,,true,false,,2025-10-21T15:22:39.575Z,,,,,,Color,Black,Size,S,,275,prod_01K83NTZTTKHASCA6KD836BT9R,2025-10-21T15:22:39.575Z,0,,
prod_01K83NTZTTKHASCA6KD836BT9R,jogger,Jogger,,,draft,,,,,,,,,,true,,2025-10-21T15:22:39.342Z,,,false,,2025-10-21T15:22:39.342Z,variant_01K83NV02AG3V5JP8AME8V3WPP,Olive Jogger,,,,,,true,false,,2025-10-21T15:22:39.575Z,,,,,,Color,Olive,Size,S,,275,prod_01K83NTZTTKHASCA6KD836BT9R,2025-10-21T15:22:39.575Z,0,,
prod_01K83NTZTTKHASCA6KD836BT9R,jogger,Jogger,,,draft,,,,,,,,,,true,,2025-10-21T15:22:39.342Z,,,false,,2025-10-21T15:22:39.342Z,variant_01K83NV02A847A5HJF7K0NX92K,Cedar Jogger,,,,,,true,false,,2025-10-21T15:22:39.575Z,,,,,,Color,Cedar,Size,S,,275,prod_01K83NTZTTKHASCA6KD836BT9R,2025-10-21T15:22:39.575Z,0,,
prod_01K83NTZTTKHASCA6KD836BT9R,jogger,Jogger,,,draft,,,,,,,,,,true,,2025-10-21T15:22:39.342Z,,,false,,2025-10-21T15:22:39.342Z,variant_01K83NV02AQHCMPWY58CS5Z6RK,Clay Jogger,,,,,,true,false,,2025-10-21T15:22:39.575Z,,,,,,Color,Clay,Size,S,,275,prod_01K83NTZTTKHASCA6KD836BT9R,2025-10-21T15:22:39.575Z,0,,
prod_01K83NTZTTKHASCA6KD836BT9R,jogger,Jogger,,,draft,,,,,,,,,,true,,2025-10-21T15:22:39.342Z,,,false,,2025-10-21T15:22:39.342Z,variant_01K83NV02AMRS32T9S660F1MEY,Bone Jogger,,,,,,true,false,,2025-10-21T15:22:39.575Z,,,,,,Color,Bone,Size,S,,275,prod_01K83NTZTTKHASCA6KD836BT9R,2025-10-21T15:22:39.575Z,0,,
prod_01K83NTZTTKHASCA6KD836BT9R,jogger,Jogger,,,draft,,,,,,,,,,true,,2025-10-21T15:22:39.342Z,,,false,,2025-10-21T15:22:39.342Z,variant_01K83NV02BS484Z5884Q700K5V,Black Jogger,,,,,,true,false,,2025-10-21T15:22:39.575Z,,,,,,Color,Black,Size,M,,275,prod_01K83NTZTTKHASCA6KD836BT9R,2025-10-21T15:22:39.575Z,0,,
prod_01K83NTZTTKHASCA6KD836BT9R,jogger,Jogger,,,draft,,,,,,,,,,true,,2025-10-21T15:22:39.342Z,,,false,,2025-10-21T15:22:39.342Z,variant_01K83NV02B86Z805MQMKRGKG3W,Olive Jogger,,,,,,true,false,,2025-10-21T15:22:39.575Z,,,,,,Color,Olive,Size,M,,275,prod_01K83NTZTTKHASCA6KD836BT9R,2025-10-21T15:22:39.575Z,0,,
prod_01K83NTZTTKHASCA6KD836BT9R,jogger,Jogger,,,draft,,,,,,,,,,true,,2025-10-21T15:22:39.342Z,,,false,,2025-10-21T15:22:39.342Z,variant_01K83NV02BPRTMNCG9RE5FYRRW,Cedar Jogger,,,,,,true,false,,2025-10-21T15:22:39.575Z,,,,,,Color,Cedar,Size,M,,275,prod_01K83NTZTTKHASCA6KD836BT9R,2025-10-21T15:22:39.575Z,0,,
prod_01K83NTZTTKHASCA6KD836BT9R,jogger,Jogger,,,draft,,,,,,,,,,true,,2025-10-21T15:22:39.342Z,,,false,,2025-10-21T15:22:39.342Z,variant_01K83NV02B60FSVWG51CREWDYY,Clay Jogger,,,,,,true,false,,2025-10-21T15:22:39.575Z,,,,,,Color,Clay,Size,M,,275,prod_01K83NTZTTKHASCA6KD836BT9R,2025-10-21T15:22:39.575Z,0,,
prod_01K83NTZTTKHASCA6KD836BT9R,jogger,Jogger,,,draft,,,,,,,,,,true,,2025-10-21T15:22:39.342Z,,,false,,2025-10-21T15:22:39.342Z,variant_01K83NV02BAWCX9XJTRXYTTYF1,Bone Jogger,,,,,,true,false,,2025-10-21T15:22:39.575Z,,,,,,Color,Bone,Size,M,,275,prod_01K83NTZTTKHASCA6KD836BT9R,2025-10-21T15:22:39.575Z,0,,
prod_01K83NTZTTKHASCA6KD836BT9R,jogger,Jogger,,,draft,,,,,,,,,,true,,2025-10-21T15:22:39.342Z,,,false,,2025-10-21T15:22:39.342Z,variant_01K83NV02BNKZYRBVRFM2ZJW8X,Black Jogger,,,,,,true,false,,2025-10-21T15:22:39.575Z,,,,,,Color,Black,Size,L,,275,prod_01K83NTZTTKHASCA6KD836BT9R,2025-10-21T15:22:39.575Z,0,,
prod_01K83NTZTTKHASCA6KD836BT9R,jogger,Jogger,,,draft,,,,,,,,,,true,,2025-10-21T15:22:39.342Z,,,false,,2025-10-21T15:22:39.342Z,variant_01K83NV02BPQ1QRGENMWMVE2P8,Olive Jogger,,,,,,true,false,,2025-10-21T15:22:39.575Z,,,,,,Color,Olive,Size,L,,275,prod_01K83NTZTTKHASCA6KD836BT9R,2025-10-21T15:22:39.575Z,0,,
prod_01K83NTZTTKHASCA6KD836BT9R,jogger,Jogger,,,draft,,,,,,,,,,true,,2025-10-21T15:22:39.342Z,,,false,,2025-10-21T15:22:39.342Z,variant_01K83NV02CF25WPZ7FXRE6DW9Z,Cedar Jogger,,,,,,true,false,,2025-10-21T15:22:39.575Z,,,,,,Color,Cedar,Size,L,,275,prod_01K83NTZTTKHASCA6KD836BT9R,2025-10-21T15:22:39.575Z,0,,
prod_01K83NTZTTKHASCA6KD836BT9R,jogger,Jogger,,,draft,,,,,,,,,,true,,2025-10-21T15:22:39.342Z,,,false,,2025-10-21T15:22:39.342Z,variant_01K83NV02C6HHK84S345PBZXKF,Clay Jogger,,,,,,true,false,,2025-10-21T15:22:39.575Z,,,,,,Color,Clay,Size,L,,275,prod_01K83NTZTTKHASCA6KD836BT9R,2025-10-21T15:22:39.575Z,0,,
prod_01K83NTZTTKHASCA6KD836BT9R,jogger,Jogger,,,draft,,,,,,,,,,true,,2025-10-21T15:22:39.342Z,,,false,,2025-10-21T15:22:39.342Z,variant_01K83NV02CMZGX0AEBRPTC5F1Y,Bone Jogger,,,,,,true,false,,2025-10-21T15:22:39.575Z,,,,,,Color,Bone,Size,L,,275,prod_01K83NTZTTKHASCA6KD836BT9R,2025-10-21T15:22:39.575Z,0,,
prod_01K83NTZTTKHASCA6KD836BT9R,jogger,Jogger,,,draft,,,,,,,,,,true,,2025-10-21T15:22:39.342Z,,,false,,2025-10-21T15:22:39.342Z,variant_01K83NV02CZ10CGGM9YWW0SC84,Black Jogger,,,,,,true,false,,2025-10-21T15:22:39.575Z,,,,,,Color,Black,Size,XL,,275,prod_01K83NTZTTKHASCA6KD836BT9R,2025-10-21T15:22:39.575Z,0,,
prod_01K83NTZTTKHASCA6KD836BT9R,jogger,Jogger,,,draft,,,,,,,,,,true,,2025-10-21T15:22:39.342Z,,,false,,2025-10-21T15:22:39.342Z,variant_01K83NV02CBT7D0XR4XPNA4DV6,Olive Jogger,,,,,,true,false,,2025-10-21T15:22:39.575Z,,,,,,Color,Olive,Size,XL,,275,prod_01K83NTZTTKHASCA6KD836BT9R,2025-10-21T15:22:39.575Z,0,,
prod_01K83NTZTTKHASCA6KD836BT9R,jogger,Jogger,,,draft,,,,,,,,,,true,,2025-10-21T15:22:39.342Z,,,false,,2025-10-21T15:22:39.342Z,variant_01K83NV02CZH3KVJGBWGXQZA25,Cedar Jogger,,,,,,true,false,,2025-10-21T15:22:39.575Z,,,,,,Color,Cedar,Size,XL,,275,prod_01K83NTZTTKHASCA6KD836BT9R,2025-10-21T15:22:39.575Z,0,,
prod_01K83NTZTTKHASCA6KD836BT9R,jogger,Jogger,,,draft,,,,,,,,,,true,,2025-10-21T15:22:39.342Z,,,false,,2025-10-21T15:22:39.342Z,variant_01K83NV02C3HCJ82WF21E52Y0P,Clay Jogger,,,,,,true,false,,2025-10-21T15:22:39.575Z,,,,,,Color,Clay,Size,XL,,275,prod_01K83NTZTTKHASCA6KD836BT9R,2025-10-21T15:22:39.575Z,0,,
prod_01K83NTZTTKHASCA6KD836BT9R,jogger,Jogger,,,draft,,,,,,,,,,true,,2025-10-21T15:22:39.342Z,,,false,,2025-10-21T15:22:39.342Z,variant_01K83NV02CNAA3QAPTFTSE1YTM,Bone Jogger,,,,,,true,false,,2025-10-21T15:22:39.575Z,,,,,,Color,Bone,Size,XL,,275,prod_01K83NTZTTKHASCA6KD836BT9R,2025-10-21T15:22:39.575Z,0,,
prod_01K83NTZTTRY0GHKK41VAPCSE3,tuuli-cashmere-wool-coat-dress,Tuuli Cashmere-Wool Coat Dress,,,draft,,,,,,,,,,true,,2025-10-21T15:22:39.342Z,,,false,,2025-10-21T15:22:39.342Z,variant_01K83NV02D99RE0M6YHZ3XG1SN,Raspberry Melange Tuuli Cashmere-Wool Coat Dress,,,,,,true,false,,2025-10-21T15:22:39.575Z,,,,,,Color,Raspberry Melange,Size,XS,,1025,prod_01K83NTZTTRY0GHKK41VAPCSE3,2025-10-21T15:22:39.575Z,0,,
prod_01K83NTZTTRY0GHKK41VAPCSE3,tuuli-cashmere-wool-coat-dress,Tuuli Cashmere-Wool Coat Dress,,,draft,,,,,,,,,,true,,2025-10-21T15:22:39.342Z,,,false,,2025-10-21T15:22:39.342Z,variant_01K83NV02D1H194970SY7K4H0H,Raspberry Melange Tuuli Cashmere-Wool Coat Dress,,,,,,true,false,,2025-10-21T15:22:39.575Z,,,,,,Color,Raspberry Melange,Size,S,,1025,prod_01K83NTZTTRY0GHKK41VAPCSE3,2025-10-21T15:22:39.575Z,0,,
prod_01K83NTZTTRY0GHKK41VAPCSE3,tuuli-cashmere-wool-coat-dress,Tuuli Cashmere-Wool Coat Dress,,,draft,,,,,,,,,,true,,2025-10-21T15:22:39.342Z,,,false,,2025-10-21T15:22:39.342Z,variant_01K83NV02D1Z23CH49R98A2M9T,Raspberry Melange Tuuli Cashmere-Wool Coat Dress,,,,,,true,false,,2025-10-21T15:22:39.575Z,,,,,,Color,Raspberry Melange,Size,M,,1025,prod_01K83NTZTTRY0GHKK41VAPCSE3,2025-10-21T15:22:39.575Z,0,,
prod_01K83NTZTTRY0GHKK41VAPCSE3,tuuli-cashmere-wool-coat-dress,Tuuli Cashmere-Wool Coat Dress,,,draft,,,,,,,,,,true,,2025-10-21T15:22:39.342Z,,,false,,2025-10-21T15:22:39.342Z,variant_01K83NV02DM4DPAAHA21ASDQBY,Raspberry Melange Tuuli Cashmere-Wool Coat Dress,,,,,,true,false,,2025-10-21T15:22:39.575Z,,,,,,Color,Raspberry Melange,Size,L,,1025,prod_01K83NTZTTRY0GHKK41VAPCSE3,2025-10-21T15:22:39.575Z,0,,
prod_01K83NTZTTRY0GHKK41VAPCSE3,tuuli-cashmere-wool-coat-dress,Tuuli Cashmere-Wool Coat Dress,,,draft,,,,,,,,,,true,,2025-10-21T15:22:39.342Z,,,false,,2025-10-21T15:22:39.342Z,variant_01K83NV02D4XXF1V4FV0C352MZ,Raspberry Melange Tuuli Cashmere-Wool Coat Dress,,,,,,true,false,,2025-10-21T15:22:39.575Z,,,,,,Color,Raspberry Melange,Size,XL,,1025,prod_01K83NTZTTRY0GHKK41VAPCSE3,2025-10-21T15:22:39.575Z,0,,
prod_01K83NTZTTRY0GHKK41VAPCSE3,tuuli-cashmere-wool-coat-dress,Tuuli Cashmere-Wool Coat Dress,,,draft,,,,,,,,,,true,,2025-10-21T15:22:39.342Z,,,false,,2025-10-21T15:22:39.342Z,variant_01K83NV02D4Z32PXXWM31P6SC4,Olive Melange Tuuli Cashmere-Wool Coat Dress,,,,,,true,false,,2025-10-21T15:22:39.575Z,,,,,,Color,Olive Melange,Size,XS,,1025,prod_01K83NTZTTRY0GHKK41VAPCSE3,2025-10-21T15:22:39.575Z,0,,
prod_01K83NTZTTRY0GHKK41VAPCSE3,tuuli-cashmere-wool-coat-dress,Tuuli Cashmere-Wool Coat Dress,,,draft,,,,,,,,,,true,,2025-10-21T15:22:39.342Z,,,false,,2025-10-21T15:22:39.342Z,variant_01K83NV02DXK2F0MGE00KG5B02,Olive Melange Tuuli Cashmere-Wool Coat Dress,,,,,,true,false,,2025-10-21T15:22:39.575Z,,,,,,Color,Olive Melange,Size,S,,1025,prod_01K83NTZTTRY0GHKK41VAPCSE3,2025-10-21T15:22:39.575Z,0,,
prod_01K83NTZTTRY0GHKK41VAPCSE3,tuuli-cashmere-wool-coat-dress,Tuuli Cashmere-Wool Coat Dress,,,draft,,,,,,,,,,true,,2025-10-21T15:22:39.342Z,,,false,,2025-10-21T15:22:39.342Z,variant_01K83NV02EHQ877E0XE7BN2V1R,Olive Melange Tuuli Cashmere-Wool Coat Dress,,,,,,true,false,,2025-10-21T15:22:39.575Z,,,,,,Color,Olive Melange,Size,M,,1025,prod_01K83NTZTTRY0GHKK41VAPCSE3,2025-10-21T15:22:39.575Z,0,,
prod_01K83NTZTTRY0GHKK41VAPCSE3,tuuli-cashmere-wool-coat-dress,Tuuli Cashmere-Wool Coat Dress,,,draft,,,,,,,,,,true,,2025-10-21T15:22:39.342Z,,,false,,2025-10-21T15:22:39.342Z,variant_01K83NV02E1PKD7SVT6NQCXMZ5,Olive Melange Tuuli Cashmere-Wool Coat Dress,,,,,,true,false,,2025-10-21T15:22:39.575Z,,,,,,Color,Olive Melange,Size,L,,1025,prod_01K83NTZTTRY0GHKK41VAPCSE3,2025-10-21T15:22:39.575Z,0,,
prod_01K83NTZTTRY0GHKK41VAPCSE3,tuuli-cashmere-wool-coat-dress,Tuuli Cashmere-Wool Coat Dress,,,draft,,,,,,,,,,true,,2025-10-21T15:22:39.342Z,,,false,,2025-10-21T15:22:39.342Z,variant_01K83NV02EFRB1840FY5EZVWJ8,Olive Melange Tuuli Cashmere-Wool Coat Dress,,,,,,true,false,,2025-10-21T15:22:39.575Z,,,,,,Color,Olive Melange,Size,XL,,1025,prod_01K83NTZTTRY0GHKK41VAPCSE3,2025-10-21T15:22:39.575Z,0,,